sample_ID,Bacteria;Actinobacteriota;Actinobacteria,Bacteria;Actinobacteriota;Coriobacteriia,Bacteria;Bacteroidota;Bacteroidia,Bacteria;Campilobacterota;Campylobacteria,Bacteria;Cyanobacteria;Vampirivibrionia,Bacteria;Desulfobacterota;Desulfovibrionia,Bacteria;Firmicutes;Bacilli,Bacteria;Firmicutes;Clostridia,Bacteria;Firmicutes;Incertae Sedis,Bacteria;Firmicutes;Negativicutes,Bacteria;Fusobacteriota;Fusobacteriia,Bacteria;Patescibacteria;Saccharimonadia,Bacteria;Proteobacteria;Alphaproteobacteria,Bacteria;Proteobacteria;Gammaproteobacteria,Bacteria;Verrucomicrobiota;Verrucomicrobiae,label
H18090,0,133,7017,0,32,347,216,4770,0,175,0,1,0,197,0,1
H18093,10,336,6872,0,1,61,185,2940,0,2696,3,0,0,1676,17,0
H18094,8,501,7906,0,1,76,457,5348,0,422,0,0,0,629,0,0
H18095,1,108,6404,0,39,30,334,4649,8,53,0,0,0,272,0,0
H18096,3,262,5717,0,0,35,83,3022,0,1651,0,5,15,143,0,1
H18099,24,148,2929,0,0,119,362,6513,5,1369,0,0,0,3377,0,0
H18100,154,586,1042,1,0,103,1557,4895,0,271,132,4,0,3771,0,4
H18101,2,262,4651,0,0,42,494,3267,0,136,0,0,0,82,11,1
H18105,18,126,7942,0,0,51,157,3809,0,11,0,0,0,5103,0,4
H18106,4,15,5009,0,0,0,112,3624,0,1026,0,0,0,1754,0,0
H18108,12,374,2454,2,0,1,843,9935,0,3426,0,0,4,5566,0,1
H18112,25,219,4264,0,26,7,559,4939,0,112,0,4,0,5791,0,1
H18113,8,405,2514,1,0,247,760,6553,0,275,0,0,0,765,0,1
H18114,33,577,11565,0,0,2,1229,5091,0,2697,6,0,0,1655,0,0
H18115,10,487,3207,0,0,22,598,5672,0,5251,0,0,0,116,0,0
H18116,2,485,7099,0,0,113,538,5390,9,12,0,1,0,2380,4,1
H18117,7,186,5141,1,0,6,280,4205,0,186,0,0,3,3224,0,1
H18118,14,998,3838,0,14,9,1772,8678,0,24,3,0,1,466,0,0
H18121,3,170,4320,0,0,16,99,3325,0,1179,0,0,1,395,0,0
H18122,0,32,1659,0,48,0,506,5911,0,1486,0,0,1,170,0,1
H18124,6,192,7960,0,14,156,741,5291,0,414,1,0,0,238,0,0
H18125,29,264,6468,0,0,0,476,3054,0,821,0,5,0,815,3,1
H18126,27,322,3505,9,0,9,306,4629,1,90,0,6,0,269,1,0
H18127,2,334,3049,0,56,2,556,4564,2,525,0,0,0,25,0,0
H18128,4,707,4244,0,0,27,658,3874,0,32,0,9,0,168,0,1
H18129,6,301,2021,0,0,106,589,4240,0,1971,0,0,0,1581,0,1
H18130,21,287,9403,0,0,42,769,4361,0,213,0,0,0,3195,0,1
H18131,86,63,2933,0,0,37,1827,5588,0,7706,3,10,0,1206,0,1
H18132,11,227,5067,0,0,28,2011,6482,0,2591,0,0,0,307,0,1
H18133,7,96,7691,0,0,1,664,3759,0,545,0,0,0,2536,0,1
H18134,8,454,5808,0,0,0,1553,8623,0,1058,0,6,0,989,0,0
H18135,6,149,6374,1,0,73,179,3518,0,857,0,0,1,665,0,2
H18136,5,44,7482,2,0,60,422,3283,0,914,0,0,0,2121,0,1
H18137,1,87,7259,0,0,93,338,5746,1,29,1,0,0,792,0,1
H18138,23,368,5096,0,1,113,574,6868,0,1169,0,1,0,2106,0,1
H18140,41,392,7245,2,19,242,1068,5152,0,362,0,0,0,949,0,0
H18143,2,226,7186,0,0,96,269,3777,0,878,0,0,0,161,0,0
H18144,7,223,5395,0,0,2051,582,3226,0,622,0,0,0,3268,15,0
H18145,9,524,2843,0,0,116,1525,3823,0,306,0,1,0,274,0,1
H18147,0,71,4858,0,0,34,32,4197,0,592,0,0,0,253,0,1
H18148,3,78,8635,0,0,779,973,3790,0,2294,1,2,0,157,0,0
H18149,4,86,5230,0,0,0,815,3937,0,2097,0,1,0,979,0,0
H18150,41,295,7900,0,0,805,706,5169,0,1719,0,0,0,479,0,1
H18151,12,386,2098,0,9,726,838,5326,0,26,0,0,0,11975,2,0
H18152,0,64,9344,0,0,72,34,3715,0,214,0,0,0,2041,0,0
H18154,0,85,6151,0,0,13,173,2836,8,832,0,0,0,154,0,1
H18155,10,550,2932,0,6,1,1618,5384,0,23,0,3,0,84,0,0
H18157,4,163,6340,1,0,0,288,3345,0,298,0,0,0,120,0,0
H18161,4,281,3284,3,0,2,274,3577,4,205,1,0,0,2255,0,0
H18162,8,33,6109,2,1,63,559,5033,1,1261,0,2,1,423,0,0
H18163,3,69,3919,0,107,22,153,3958,0,649,0,0,0,574,0,1
H18164,9,181,11702,0,0,978,197,2767,1,1080,4,0,0,448,0,3
H18166,4,326,6941,0,0,3,414,4740,0,638,0,3,0,7164,0,0
H18167,9,234,6601,0,1,177,311,3549,0,1069,0,0,2,660,0,0
H18170,5,45,4467,0,17,83,1026,4602,22,388,0,0,0,2371,3,0
H18172,4,237,5155,1,0,62,552,9709,5,37,0,0,0,501,0,0
H18173,7,117,9667,0,0,184,806,5441,0,578,0,0,0,5629,0,1
H18174,14,23,7757,0,0,166,325,4515,0,5348,0,0,0,226,0,0
H18175,22,991,5479,0,1,393,788,7401,0,56,0,3,0,1675,0,1
H18176,178,79,7110,0,54,13,1709,16509,0,261,0,0,0,3172,0,1
H18177,7,429,5954,1,14,15,665,7625,0,843,0,13,1,325,0,0
H18182,3,348,6642,1,0,8,47,6001,0,528,1,3,0,764,0,0
H18185,18,88,8231,0,0,67,801,4798,24,2221,1,4,0,966,0,0
H18186,18,343,4382,0,18,117,388,8404,0,153,3,7,1,265,0,0
H18187,0,134,9442,0,83,5,318,4607,0,380,0,3,0,1426,0,0
H18188,5,44,3725,0,0,28,66,5073,1,825,0,0,4,576,2,0
H18189,13,1140,3130,0,0,68,415,5761,0,637,0,10,0,68,0,0
H18190,4,282,6101,0,15,412,1172,6689,0,576,0,0,0,422,0,2
H18191,4,25,6928,0,17,76,771,5627,18,950,0,0,0,2599,1,0
H18192,5,116,3828,0,57,56,89,2568,0,6254,0,0,0,732,0,0
H18195,2,642,5375,0,10,1,1047,9344,0,1460,0,0,1,400,0,3
H18196,20,928,4236,0,12,17,1019,7770,0,89,1,0,0,167,0,0
H18197,5,286,8066,1,25,42,144,6464,7,507,0,1,0,176,0,0
H18198,17,45,5200,0,0,0,882,5638,0,423,1,0,0,2600,0,1
H18199,0,112,7198,0,5,7,645,4639,0,1934,19,0,0,74,0,0
H18200,1,143,4597,0,0,57,230,3269,0,50,0,0,0,3060,0,1
H18201,3,173,4886,0,153,190,1292,7045,13,402,0,0,0,217,5,0
H18203,5,125,7779,0,3,127,323,8115,0,1733,2,3,0,143,0,0
H18204,0,1027,4996,0,46,282,101,4262,0,903,0,2,0,441,0,0
H18207,1,56,8816,3,88,56,64,3450,0,2870,0,0,0,279,0,1
H18209,0,140,12018,0,5,101,943,9791,0,787,2,1,0,308,0,0
H18210,18,1062,7344,0,0,0,429,13780,0,7660,0,4,2,115,0,1
H18211,1940,874,7897,1,0,44,754,5002,0,303,0,0,0,4167,0,0
H18212,0,167,6799,0,60,18,1386,6119,0,21,0,0,2,455,0,0
H18213,11,410,3162,0,0,62,2084,6275,0,274,0,3,0,194,0,0
H18216,5,100,13842,2,0,0,545,10919,0,3643,0,0,0,328,0,0
H18218,1,9,8829,0,0,169,23,160,0,2,0,0,0,11495,0,1
H18219,19,1105,6273,0,0,6,772,5411,52,60,0,2,1,4535,0,0
H18221,11,841,4783,1,0,8,531,4207,0,4227,0,3,1,157,0,1
H18223,13,63,6717,0,6,51,366,10706,1,7367,0,6,0,666,0,0
H18224,3,268,8572,0,87,3,1081,9039,1,229,0,10,0,56,0,0
H18225,10,148,7714,0,0,0,59,2988,0,8807,0,1,0,2702,0,0
H18226,0,710,10081,0,9,270,319,6601,0,2154,0,0,0,6668,1,1
H18227,1,1445,2207,0,0,3,822,7275,14,41,0,0,0,6844,0,1
H18228,0,233,5302,0,0,88,336,4887,0,533,0,0,2,822,0,2
H18229,6,27,645,0,0,0,1084,2596,0,4244,1,0,5,6239,0,0
H18230,1,101,11062,0,749,6,475,6842,14,141,0,0,2,548,0,1
H18231,6,90,9040,7,0,190,809,7688,0,465,0,1,0,1060,0,0
H18233,2,181,13376,0,0,21,429,8156,0,289,0,0,0,328,0,1
H18236,2,69,10778,0,31,62,1090,8083,9,159,0,0,0,414,0,0
H18237,1,134,10551,1,0,2,836,5628,0,924,0,3,0,2441,0,0
H18240,13,235,1801,0,0,1179,1036,12783,0,11231,1,0,0,199,11,3
H18243,6,402,8856,0,36,57,224,9481,0,5098,0,9,0,3868,1,1
H18246,1,155,9281,0,0,1,401,9461,0,789,1,0,0,3436,0,0
H18247,4,788,11644,0,0,2,1138,9164,0,200,0,0,0,120,0,2
H18249,83,697,6949,0,0,5,962,8584,0,349,0,23,4,1715,0,0
H18250,5,266,8230,2,81,0,269,14287,16,1728,0,1,0,399,0,3
H18251,3,312,4025,0,79,36,3394,11505,0,1762,2,1,0,196,0,1
H18252,22,4,7498,0,0,0,196,2525,0,0,0,0,1,10787,0,0
H18253,12,406,6065,0,30,20,568,4019,0,153,85,15,12,1819,0,0
H18254,14,1192,5812,0,41,0,1019,11480,0,593,0,0,0,1795,0,0
H18255,3,194,5983,19,105,85,506,8717,0,1335,0,0,0,861,1,0
H18256,4,306,9931,0,1,2,724,8922,1,193,0,1,0,218,0,0
H18257,13,413,8600,0,0,42,520,12092,18,100,0,2,0,982,0,1
H18260,3,38,11934,4,0,54,115,4918,0,280,5,5,0,1288,0,2
H18261,1,62,4158,0,0,27,194,4287,0,6442,0,10,0,546,0,0
H18262,6,707,13058,0,0,32,330,8849,0,184,0,1,0,329,0,0
H18263,16,82,12758,5,0,12,144,3227,0,4157,0,0,0,89,0,0
H18264,2,54,8032,0,955,18,1766,7310,6,1048,0,0,2,43,0,1
H18265,4,42,6874,0,1,65,205,8428,0,201,0,0,9,2646,0,1
H18266,1,464,15610,0,0,113,677,11093,0,207,0,0,0,11145,0,0
H18271,18,1761,5780,0,0,200,2231,10685,14,326,0,7,0,315,1,0
H18272,2,759,13049,0,0,11,340,8189,0,737,0,1,0,782,0,0
H18274,0,216,8637,0,0,17,2833,7048,6,117,0,0,0,143,2,0
H18275,0,45,2800,0,0,0,2266,4848,0,12416,0,2,1,10,0,1
H18277,20,201,2595,0,2,31,422,10701,0,2035,2,0,0,10,0,0
H18278,6,576,7287,0,0,19,1448,8265,0,2836,4,0,1,144,1,3
H18281,11,127,5418,0,0,13,146,5369,0,146,1,1,0,751,2,1
H18283,3,25,10195,0,0,65,155,2922,0,904,0,1,0,762,0,1
H18284,1,177,7754,0,0,26,134,2379,0,3813,0,0,0,1898,3,0
H18286,31,387,9143,0,0,14,528,4644,0,1538,0,10,0,2248,0,0
H18288,9,193,2662,0,0,6,440,8426,0,163,0,0,0,416,0,0
H18292,6,109,6241,0,0,15,266,4338,0,306,0,1,2,44,3,1
H18297,7,349,5596,0,0,120,823,5752,0,4287,0,0,0,195,0,1
H18298,1,350,4729,0,1,124,607,5222,0,265,0,0,0,213,1,1
H18299,19,615,5559,0,0,1,3461,6937,0,108,0,2,85,791,0,1
H18300,4,51,2425,0,2,1,334,9970,0,611,2,0,0,3034,0,1
H18302,17,1213,2722,0,0,85,1328,7302,0,329,0,0,0,117,0,0
H18303,15,81,5191,0,0,2,403,7525,0,1081,0,2,0,309,0,1
H18305,60,592,2419,0,0,0,922,9559,0,175,0,5,5,1849,0,1
H18306,17,653,10143,6,0,220,397,5314,0,72,0,0,0,937,0,1
H18308,4,546,3506,0,18,25,157,7567,0,1009,0,1,0,5567,0,2
H18309,0,32,5086,27,1,105,132,4947,0,3132,0,2,0,4439,0,2
H18310,5,83,9479,0,407,122,198,5353,0,866,0,2,0,1199,0,1
H18311,0,258,6730,0,0,437,419,3101,0,3466,3,0,0,169,0,1
H18312,7,109,6054,0,0,6,1181,5098,5,371,0,0,0,315,0,1
H18313,4,569,7849,0,0,1,877,6357,0,1139,0,0,0,98,0,1
H18314,28,1348,4753,0,0,35,4144,11830,0,122,0,0,0,942,0,1
H18316,4,43,7861,0,0,0,742,6228,0,982,0,0,0,829,0,1
H18320,8,470,6212,0,1,1,479,6107,0,165,0,0,0,161,1,1
H18324,3,99,7077,0,0,61,523,3570,0,82,0,0,0,3065,0,0
H18325,7,508,5821,0,0,324,341,5611,0,2271,0,0,0,2795,0,0
H18326,13,652,6859,0,0,11,1050,6659,0,1801,0,2,0,18,0,0
H18327,4,65,5824,0,0,139,800,5976,0,1957,1,0,0,2692,0,1
H18328,3,28,7132,0,20,0,43,2925,7,579,0,0,0,486,0,0
H18330,3,3,461,13,0,0,675,5623,0,6787,0,1,0,12430,0,0
H18331,2,154,5878,0,14,15,301,4140,4,118,0,1,0,934,1,2
H18332,5,142,5045,0,0,37,552,6461,0,333,0,1,1,67,0,0
H18334,5,8,5211,0,2,311,227,4352,0,134,1,1,0,2668,0,0
H18335,16,124,1061,0,0,4,672,12850,0,4966,0,0,2,319,0,0
H18336,7,154,7778,0,2,1002,389,3719,0,434,0,0,0,1220,0,1
H18340,2,450,6739,9,1,10,957,7087,2,925,1,1,0,200,10,0
H18341,5,34,6325,10,187,12,551,5139,0,699,1,0,1,1099,0,1
H18342,4,369,5741,1,0,0,517,6759,0,432,0,0,0,2764,0,4
H18348,36,753,5143,0,0,19,868,6166,1,174,0,0,0,2910,0,2
H18349,0,63,6163,2,0,124,265,3223,0,992,0,0,0,330,0,0
H18351,0,34,5272,2,0,4,325,4355,0,110,259,0,0,889,3,1
H18352,2,104,8244,2,104,29,187,5542,6,253,0,7,0,596,0,1
H18353,4,271,4428,0,6,115,129,4182,0,976,0,1,0,2639,0,1
H18354,2,31,6147,0,7,52,261,6377,0,362,0,0,0,149,0,0
H18356,155,482,3143,0,43,63,849,6111,0,111,0,0,0,210,0,0
H18358,39,82,4918,0,0,5,230,5543,0,2630,0,0,0,526,0,3
H18359,7,397,1185,1,32,0,1511,7761,0,1119,1,0,0,297,0,0
H18360,7,49,6180,0,13,222,482,2738,1,627,0,1,0,208,0,0
H18362,3,68,8735,0,0,503,533,7648,0,2787,0,1,0,304,0,0
H18363,17,24,2500,0,0,0,1850,7183,0,3786,2,3,0,6093,0,0
H18364,5,234,6824,0,8,200,300,5275,0,379,0,1,1,2241,0,0
H18367,4,156,4545,0,2,8,876,7198,3,695,0,5,1,309,0,0
H18368,1,412,2287,26,33,55,993,7158,2,1155,3,1,0,84,0,0
H18369,4,184,2710,0,0,5,229,3684,11,1943,0,0,6,206,3,0
H18370,1,46,7190,0,27,8,222,5637,0,1729,2,0,0,788,1,0
H18371,3,42,6962,0,0,0,1250,8869,0,3548,0,0,0,186,0,0
H18372,3,248,11091,0,0,266,285,4346,0,693,0,1,0,498,0,0
H18373,1,51,8040,0,0,25,327,5263,0,1225,0,1,0,703,1,0
H18374,10,605,7254,9,0,23,1637,7583,0,129,0,1,0,605,0,0
H18379,0,183,2165,1,17,3,1530,4526,1,26,0,0,0,210,0,1
H18380,5,373,2565,0,0,18,901,6258,0,1443,2,6,1,1379,0,1
H18381,2,101,7121,0,8,3,250,3167,0,296,0,0,0,218,0,0
H18382,11,208,6175,0,0,494,126,3759,0,2681,4,2,2,677,0,0
H18383,4,132,6698,0,13,0,72,5765,5,979,1,0,0,304,5,0
H18384,26,1167,8519,1,1,1,298,5950,0,1859,0,0,0,2864,10,0
H18385,17,182,8573,5,0,0,1587,3504,0,2256,19,1,0,2409,12,0
H18387,17,654,4902,0,585,565,248,9105,0,58,0,0,2,40,0,0
H18389,34,604,3422,0,0,6,598,6512,12,785,0,1,0,2021,1,1
H18390,4,315,9455,0,0,0,813,7197,0,1759,0,1,0,108,0,0
H18391,7,1230,3481,0,16,7,1064,6318,0,3485,0,2,0,91,0,0
H21017,0,32,9214,0,0,2,148,2841,0,89,0,0,0,1603,0,4
H21018,4,111,4833,0,126,105,1646,7056,0,2616,0,10,4,1476,4,1
H21521,7,45,1916,0,107,2,148,1892,0,42,0,0,0,1602,1,2
H21522,4,64,844,0,6,105,106,2668,0,53,0,0,0,158,0,1
H21523,6,93,2920,0,34,1,79,3304,0,640,0,0,0,17,0,1
H21525,6,325,2009,0,0,9,792,2414,0,643,0,0,0,18,0,1
H21526,2,127,5479,0,0,7,187,2386,0,41,0,0,0,619,0,1
H21528,6,48,2005,0,3,15,505,1414,0,20,0,0,0,3210,0,1
H21529,49,128,4832,0,0,0,693,3281,0,2780,0,0,2,495,0,1
H21530,5,66,2994,0,0,66,189,4033,0,647,0,1,0,73,1,1
H21531,6,92,1196,0,0,22,76,3015,0,412,0,0,0,4144,1,0
H21532,59,398,1382,5,0,5,905,9300,0,871,0,8,15,97,0,2
H21533,1,34,1889,0,24,59,630,3499,2,28,0,0,0,567,2,0
H21534,5,91,2125,0,0,5,297,2789,0,4,0,1,0,3061,3,3
H21535,3,166,2135,0,0,0,725,2577,0,1170,0,1,0,2353,1,0
H21536,5,126,4391,0,0,373,1310,3100,0,156,0,0,0,240,0,1
H21537,4,87,5909,0,1,38,413,3523,2,25,0,1,0,909,0,1
H21538,0,144,1633,8,0,2,1140,11530,0,530,0,0,9,32,0,1
H21541,1,225,3526,0,0,17,423,6648,0,4515,0,0,0,171,0,0
H21542,13,65,11314,4,18,34,661,14490,2,671,12,1,0,540,0,0
H21543,28,223,8169,0,0,127,306,12299,5,349,0,0,0,584,5,0
H21544,0,3,5737,0,0,0,1200,5702,0,4855,0,6,0,167,0,0
H21545,18,113,8433,0,507,80,270,5387,0,282,0,4,1,435,0,0
H21546,3,150,13336,0,96,1324,649,6689,0,105,0,0,0,684,1,2
H21547,5,420,5803,2,0,7,836,5397,0,21,0,2,1,115,0,0
H21548,13,51,9742,0,0,33,246,2706,0,156,0,3,0,830,0,3
H21549,2,87,2931,0,34,172,2390,5240,0,89,0,2,0,134,0,0
H21550,1,241,4429,0,8,15,322,7189,1,360,0,0,0,1301,2,0
H21552,25,344,6042,0,0,5,972,11090,0,233,0,4,0,112,1,0
H21553,4,102,6264,0,3,45,327,4396,1,317,0,0,0,1779,1,0
H21554,15,56,5461,15,0,0,394,6115,0,4529,0,1,0,1015,1,1
H21556,7,153,7720,0,0,205,420,4914,0,220,0,0,2,53,1,0
H21557,17,283,1127,0,0,6,753,6886,0,359,0,1,0,84,0,3
H21558,57,699,5324,0,0,4,1084,6838,0,235,0,23,0,400,0,1
H21560,8,160,5472,1,33,24,494,5462,0,130,0,0,0,502,0,0
H21561,30,731,4946,0,0,24,2121,6115,0,36,1,0,0,144,0,1
H21562,24,314,8177,9,0,26,384,4689,0,130,92,0,0,1515,0,3
H21563,13,224,2784,0,0,6,1424,9787,1,152,0,5,0,670,0,0
H21564,18,266,6258,1,659,33,505,5975,4,210,0,0,2,3935,2,1
H21565,10,252,7449,1,4,4,508,8383,0,1255,0,7,0,591,0,0
H25735,9,280,8132,0,0,216,500,7363,0,598,0,1,0,17194,0,1
H25736,117,1114,4947,3,0,59,1479,4801,0,571,25,0,0,1288,3,1
H25737,4,141,6973,0,47,153,192,5899,0,84,0,1,0,492,2,1
H25740,7,78,4888,4,3,22,339,5237,3,394,0,0,0,6119,6,0
H25741,6,229,9143,0,0,205,1672,5441,0,360,0,11,7,6970,0,1
H25743,51,1103,2657,0,0,22,715,22533,0,204,0,0,0,3359,0,1
H25744,6,432,5550,0,0,234,241,3841,0,7856,1,2,0,5261,0,1
H25745,17,264,7998,0,0,0,583,4589,0,4283,0,0,0,1937,0,1
H25748,17,400,3226,0,204,5,326,10082,0,8370,0,2,16,1949,0,0
H25750,2,48,8328,0,85,86,494,3725,0,568,1,6,0,59,0,2
H25751,4,324,10561,2,0,0,255,6861,0,997,0,1,0,1833,0,0
H25756,27,722,1371,0,2,1,1094,4130,0,3502,0,13,0,783,0,1
H25757,25,2074,6695,0,0,14,2646,6699,0,1638,1,5,2,3493,0,1
H25758,57,273,12649,0,0,388,58,4811,0,1680,0,0,0,7010,4,0
H25760,11,328,10622,0,1,17,1030,7333,0,160,0,2,2,4769,0,0
H25761,6,71,11144,0,4,53,228,6048,0,4017,0,2,0,135,0,1
H25763,16,92,10074,0,6,94,230,5119,0,1172,4,1,0,4665,1,1
H25764,8,68,8238,0,0,0,672,7015,0,2113,0,0,0,1150,0,0
H25765,2,65,4967,0,13,23,464,5506,22,2758,0,1,0,3960,0,1
H25766,1,94,3451,0,12,0,389,5556,0,55,0,1,16,438,1,1
H25767,16,239,4768,0,0,101,525,6623,0,1522,0,0,0,3203,2,3
H25768,4,2012,8082,0,3,109,336,6749,0,209,0,0,0,2236,13,1
H25769,9,717,3422,0,0,34,2076,4643,7,4136,0,6,0,337,1,1
H25770,7,326,4332,0,0,5,1165,5937,1,2397,0,0,0,123,2,0
H25771,23,660,6141,0,0,40,1297,8531,0,720,8,0,0,517,0,0
H25772,6,231,3370,0,30,6,412,6363,0,3127,0,1,3,232,0,1
H25773,4,35,13909,0,7,131,188,9263,0,553,0,0,2,1126,0,0
H25774,4,85,7558,0,21,35,300,9672,1,2436,0,1,0,441,0,1
H25775,0,170,3658,0,0,0,1616,3815,0,15557,0,0,0,276,0,4
H25776,8,134,6747,0,0,0,778,4914,0,1057,0,0,0,2180,0,1
H25777,3,89,7416,0,0,53,249,6266,0,1298,0,0,0,1781,2,0
H25778,11,433,4370,0,21,12,1292,7916,2,1111,0,0,0,22,0,0
H25779,13,135,6737,0,3,89,682,7015,26,191,0,0,0,238,1,1
H25780,2,153,7047,0,43,9,268,5370,0,950,0,0,0,4719,0,0
H25781,5,555,5299,0,3,143,340,6763,0,2619,3,0,0,14285,0,1
H25782,11,766,8585,0,0,31,1102,5117,4,100,0,0,2,15503,0,0
H25786,12,304,4929,1,0,140,1640,5109,1,1595,1,5,0,339,0,0
H25787,29,682,6211,0,0,71,320,6777,0,2229,0,3,0,1056,0,0
H25788,13,205,8327,0,1,90,114,6858,0,287,0,11,0,1086,0,1
H25789,11,179,2056,0,139,64,867,11156,5,3319,0,3,0,13469,0,2
H25790,10,274,6472,0,0,52,1142,11639,2,471,0,5,0,2169,0,1
H25791,2,18,7820,0,0,2,396,8867,0,2603,0,2,11,317,3,0
H25792,8,140,8587,0,0,95,1782,7981,14,2518,1,2,0,6821,5,0
H25794,48,337,7388,3,6,6,987,6737,0,583,1,3,1,1799,0,0
H25795,16,146,9603,1,8,356,732,10465,4,978,0,0,0,166,4,1
H25796,5,104,6986,1,0,1,460,7640,0,1641,0,0,0,1537,0,0
H25797,8,325,7246,0,63,54,1280,13604,0,5052,0,7,0,770,0,1
H25798,1,229,9521,0,0,3,252,3694,2,10273,0,2,0,118,0,0
H25799,20,671,8628,0,0,213,150,6961,0,1658,0,0,0,1553,0,0
H25800,8,282,8744,0,63,113,432,8021,4,631,0,4,4,1345,0,0
H25801,21,836,9777,4,0,0,1077,6303,0,695,0,3,2,4325,0,0
H25802,6,49,8674,0,0,6,357,4787,2,420,0,0,4,601,0,1
H25803,15,193,9981,0,0,23,177,5597,11,1166,0,0,0,106,2,2
H25804,2,264,4556,0,0,7,942,6382,0,722,0,0,0,148,8,2
H25805,9,392,6594,0,0,19,255,9453,0,1178,0,1,0,473,0,0
H25806,5,176,6830,4,28,17,861,7850,0,3789,0,0,0,727,0,1
H25807,8,511,7467,2,0,59,153,6702,4,635,0,1,0,1520,0,0
H25808,2,179,7385,0,0,113,86,3455,0,487,0,0,0,1229,1,0
H25809,26,359,5069,0,5,23,2194,8749,0,3514,35,0,0,151,0,1
H25810,1,34,6866,0,0,14,164,4379,0,608,1,0,0,291,2,0
H25811,2,66,7543,0,1,84,305,5549,8,584,0,0,0,1249,0,0
H25813,9,240,5537,0,50,2,252,9480,0,5181,4,0,0,149,0,1
H25815,13,404,5471,0,1,19,871,13060,3,158,0,15,0,282,0,1
H25816,11,1499,4340,19,16,227,326,8645,6,304,0,0,0,226,0,4
H25817,3,1029,12479,9,97,108,325,7279,0,106,0,2,0,1166,0,1
H25818,3,146,18128,1,0,0,1555,8565,0,4151,0,0,0,2160,0,0
H25819,27,522,8536,0,0,2,720,6703,0,920,3,0,3,14316,0,1
H25821,0,46,6848,0,52,35,1760,8404,2,4296,0,1,2,1702,2,1
H25822,4,22,13623,0,9,12,153,6367,1,3133,0,0,2,1622,1,1
H25823,3,812,13081,2,0,15,260,10670,1,1118,0,0,0,229,0,0
H25825,90,29,16563,0,0,30,2784,16010,0,689,0,0,14,2490,12,1
H25829,0,32,7446,0,30,0,157,8504,0,1273,0,0,0,2152,0,0
H25830,7,390,8869,0,1,272,1041,11701,0,3630,0,6,11,1077,0,0
H25831,11,72,8175,0,0,150,1038,9245,4,3971,0,0,0,378,1,0
H25832,3,345,4373,0,4,6,1340,4442,0,3680,0,0,0,195,0,2
H25833,14,181,4415,1,3,6,649,6129,0,359,2,0,13,5431,0,0
H25836,3,91,8811,0,1,32,991,8325,0,1594,0,0,0,1169,0,0
H25837,27,2349,4163,0,0,80,3013,8890,0,209,0,0,0,417,0,1
H25838,1,1,14774,0,0,0,98,2490,0,287,0,0,0,5730,0,0
H25839,11,181,6439,0,0,0,570,7910,0,5245,0,14,0,7604,0,1
H25841,3,523,8048,0,0,0,38,4486,0,2059,0,1,0,67,0,0
H25842,159,594,1898,0,0,0,3391,4907,0,280,0,24,7,13279,0,0
H25843,3,116,6790,0,192,59,190,5656,0,365,0,0,0,1688,0,1
H25844,2,0,10,0,0,0,4,12,0,2,0,0,0,15,0,4
H25845,7,259,7458,0,112,965,715,13087,68,2552,0,7,0,5896,3,1
H25846,11,48,4553,0,0,64,899,10471,0,6525,0,1,3,3693,0,1
H25847,9,1088,10814,0,0,18,821,10111,0,228,0,0,3,59,0,0
H25848,8,1262,7225,0,37,17,628,6253,0,2978,0,0,0,604,0,1
H25849,9,130,8972,0,4,6,956,10762,0,1353,0,2,0,83,0,1
H25852,2,312,5320,0,1,24,350,7411,0,837,0,1,0,26,0,0
H25856,9,58,11915,0,782,115,180,7587,0,2032,0,0,0,1662,0,1
H25857,9,518,12649,0,0,47,152,7190,0,693,0,0,0,1964,20,0
H25858,24,130,9205,0,0,27,968,9928,0,791,0,1,0,1273,2,1
H25859,17,312,6291,3,0,0,716,14040,0,4158,23,0,1,7400,0,0
H25861,2,274,10260,0,1,115,533,8542,0,2392,0,0,0,1799,0,2
H25862,3,27,16547,0,30,70,122,8894,0,832,0,0,0,1033,0,0
H25863,16,362,7586,0,0,0,475,10515,0,2422,0,2,0,9434,11,2
H25865,10,243,7973,2,0,62,606,14608,0,318,1,0,0,6775,8,1
H25866,3,269,5683,0,4,141,1548,8347,15,1165,0,3,0,7793,1,1
H25869,2,80,9083,0,8,5,1065,7556,32,544,0,0,0,5864,1,2
H25872,20,24,12393,0,0,46,849,4330,0,6912,0,0,0,2151,0,1
H25873,0,10,9818,0,0,0,273,5027,0,142,0,0,0,46,0,0
H25874,14,166,9304,0,8,253,1696,10769,31,1167,2,0,0,7597,0,3
H25876,4,33,19425,0,1,86,241,8344,0,927,0,0,0,2500,0,1
H25877,3,99,12239,0,3,0,2070,10169,1,100,0,0,1,343,0,1
H25880,2,66,7984,0,106,154,1065,5187,5,205,0,0,1,1415,0,0
H25881,14,229,6473,0,3,0,1021,14271,0,600,1,5,3,287,0,0
H25882,4,47,3456,0,0,33,553,9434,0,5335,0,0,2,1664,2,1
H25883,19,101,7611,0,0,135,704,9588,0,10391,0,6,4,200,0,0
H25884,10,36,10348,0,1199,64,280,5849,0,1085,0,1,2,856,0,1
H25886,15,190,14661,95,16,209,2022,8990,15,2381,15,0,0,1676,0,0
H25887,35,248,5888,0,0,11,1825,14025,0,1213,0,14,0,473,0,3
H25888,24,65,16083,0,0,47,567,5558,0,3266,0,0,0,4217,0,1
H25889,7,215,10005,3,533,179,673,10702,0,2091,5,0,3,4132,5,0
H25895,18,119,7062,0,28,26,988,5696,0,317,0,0,4,8060,1,0
H25896,0,1077,3036,0,0,11,608,1955,0,182,5,0,0,17640,0,4
H25897,3,77,16065,0,0,0,364,4939,0,80,0,0,0,163,0,2
H25898,7,135,9619,0,0,50,178,8018,16,111,6,0,3,806,0,0
H25900,5,152,13941,0,20,1,517,9590,0,4453,0,1,122,92,0,0
H25901,4,13,10341,0,6,54,180,5926,44,878,7,0,0,1789,0,4
H25902,5,373,6742,0,0,0,894,4543,0,30,0,0,0,24,0,1
H25903,3,180,3144,0,0,0,114,7853,0,2078,0,0,0,96,0,0
H25904,12,275,3912,0,0,12,284,9015,0,2659,0,2,0,1450,1,0
H25905,1,107,6262,0,0,288,503,8057,0,8840,0,0,0,1029,0,0
H25907,10,16,12653,0,95,0,345,10244,0,5955,2,0,0,196,0,1
H25908,12,160,4633,2,33,314,567,6850,3,5075,0,0,0,9186,0,1
H25909,4,39,11463,1,0,8,216,4023,0,928,0,0,0,2140,0,0
H25910,2,265,7649,1,6,267,326,6599,14,656,0,0,0,5177,1,2
H25911,20,176,8591,0,0,93,1255,7779,14,415,0,3,0,1004,4,1
H25912,7,35,8093,0,54,0,113,4227,0,581,0,0,0,72,0,0
H25913,11,112,8636,0,0,7,362,8896,0,4512,1,0,1,1009,0,0
H25915,15,157,15136,0,23,4,955,10518,8,95,0,1,0,3099,0,1
H25916,0,244,21041,0,0,234,310,7013,0,4243,2,0,0,1640,0,0
H25917,22,175,5000,19,0,42,142,2272,0,448,12,0,0,6530,0,0
H25918,3,6,5289,0,2,18,120,5704,0,1749,30,1,0,199,2,0
H25919,14,340,6138,0,0,0,182,5006,0,1936,0,0,0,92,0,1
H25920,3,54,4612,0,17,5,296,3743,0,1332,0,1,1,29,0,0
H25921,26,204,5807,0,1,365,584,7294,0,3649,0,0,0,1072,0,0
H25922,39,23,8295,0,0,0,84,1860,0,6441,0,1,0,593,0,0
H25926,19,569,8300,0,2,1,175,9654,0,722,0,0,0,1257,0,0
H25928,21,105,18873,0,75,89,843,13699,38,3225,0,0,0,251,4,1
H25929,12,239,20930,0,62,0,1444,26356,0,344,39,11,0,3969,3,1
H25930,52,531,24497,38,0,81,687,21532,0,1984,40,11,0,9509,0,1
H25937,25,275,16927,0,8,139,482,17079,0,174,3,0,4,227,0,1
H25938,5,152,18324,3,0,12,559,19466,0,1721,0,2,2,4582,0,1
H25939,12,246,9731,0,0,0,1362,10438,0,10801,0,8,0,5102,0,0
H25940,6,703,10586,1,0,8,634,9339,0,121,0,0,0,3743,1,1
H25941,5,18,17061,0,7,0,289,12231,0,1903,0,0,0,173,0,1
H25942,3,79,15418,0,0,0,356,11846,0,926,0,6,0,370,0,0
H25947,0,703,8541,0,4,17,373,9903,3,76,0,0,0,310,0,2
H25948,23,718,11909,0,0,40,254,7413,0,1172,14,3,5,3461,0,0
H25949,37,1633,1699,0,0,49,1055,8629,0,7963,0,10,0,769,0,1
H25951,12,54,8488,0,0,0,346,6162,0,1985,7,5,0,1264,38,0
H25952,0,149,5551,0,6,36,1469,8470,3,1035,0,0,3,725,0,0
H25955,5,1235,11689,11,0,182,656,11217,5,4023,3,0,0,576,0,1
H25956,2,41,11351,3,23,61,505,10427,0,3843,0,0,0,635,0,1
H25959,13,873,3982,0,0,103,1878,10283,10,61,0,0,0,7973,0,0
H25960,32,69,3696,0,30,5,1641,10222,7,67,0,0,4,5147,0,0
H25961,20,304,730,0,0,0,1131,5502,0,7940,0,0,0,12568,0,0
H25962,11,182,681,0,0,19,556,7106,0,207,0,2,0,25395,0,0
H25963,6,206,9554,0,17,29,1166,12683,10,586,0,1,0,387,1,0
H25967,15,131,8457,0,0,19,422,5583,0,2444,0,0,0,2020,0,1
H25970,16,110,15133,0,68,0,424,7547,0,2646,0,0,0,3682,0,0
H25971,23,1109,13972,2,0,34,2047,10191,0,40,10,12,0,5701,0,0
H25972,4,129,7187,0,0,44,725,12435,0,4943,1,3,0,394,0,0
H25973,9,555,6606,0,0,45,2064,6493,0,230,2,1,2,48,0,0
H25974,4,176,10770,0,0,76,383,8122,0,1196,0,5,0,272,0,2
H25975,34,1411,5979,0,0,22,343,8853,0,243,0,0,0,139,0,0
H25976,14,137,6234,0,0,51,557,3425,0,112,0,18,0,8398,1,1
H25978,11,419,15043,0,0,6,832,12533,0,2493,0,0,0,1704,0,0
H25979,3,758,8415,0,0,52,202,8435,1,222,2,2,2,562,0,4
H25980,5,66,12051,7,0,42,299,5262,0,962,0,0,0,9659,0,1
H25981,17,357,9857,0,0,34,4193,7496,16,109,0,0,5,161,1,0
H25982,9,47,3757,0,1,38,6964,9434,0,1365,0,0,4,34,0,0
H25983,4,179,5564,0,15,310,861,5697,0,475,0,1,0,349,2,0
H25985,14,38,13526,0,0,0,233,10420,0,33,0,0,3,354,0,0
H25986,3,1627,4610,0,706,5,3654,20354,0,7109,0,0,0,199,3,1
H25987,15,315,4452,0,0,14,2369,5721,0,105,0,0,0,1818,2,0
H25988,9,185,12339,0,0,54,624,6128,0,2830,0,0,5,502,0,0
H25989,2,147,10896,1,639,49,540,5448,2,674,0,0,0,2919,0,0
H25990,3,85,9461,0,24,0,449,12390,0,18,0,0,0,4787,0,3
H25991,6,1094,2993,0,0,74,849,5208,0,782,0,0,0,11063,0,1
H25992,3,52,5625,0,33,383,533,5935,4,317,0,0,0,103,0,0
H25994,12,179,4488,0,0,7,388,9235,0,12380,0,0,4,62,0,1
H25995,57,288,6870,0,0,0,8065,22065,0,363,0,30,0,2105,0,0
H25996,10,633,10045,0,3,168,245,10758,0,4813,0,1,0,7046,0,2
H25997,3,1589,1465,0,0,0,370,8446,0,1050,0,5,4,9546,0,0
H25998,39,212,1870,0,0,0,2074,5619,0,1088,26,0,0,12106,0,0
H26001,44,488,7622,0,487,35,899,9318,0,1305,0,0,4,8494,0,0
H26003,5,66,10422,1,282,88,112,8870,0,2792,0,0,0,151,0,0
H26004,17,567,12719,0,0,110,2360,5934,0,334,0,15,0,11855,0,0
H26005,3,153,10015,0,0,0,672,6864,0,28,0,0,0,10,0,0
H26010,60,1404,4791,0,0,1,152,13840,0,9553,0,0,0,2499,0,2
H26011,30,404,12356,0,0,208,925,8148,0,1308,0,0,3,627,0,0
H26013,6,25,5061,0,0,8,280,3395,0,93,6,0,2,228,0,1
H26014,2,59,7675,0,0,5,587,7186,0,507,0,1,0,853,0,1
H26015,6,59,5796,1,0,14,866,4696,0,413,0,0,0,6722,0,1
H26016,4,81,7199,0,0,6,185,6913,0,145,0,0,4,1870,0,0
H26017,15,208,9059,0,179,33,2949,18272,2,414,0,0,2,7993,0,1
H26021,21,734,8191,3,0,37,497,2997,0,1313,0,0,0,525,3,2
H26022,3,194,6158,0,0,44,375,4376,0,929,0,0,0,5787,2,1
H26023,2,186,7066,0,1,290,193,3551,0,2364,0,3,0,1028,0,1
H26024,24,189,4132,0,0,2,677,4271,0,145,0,0,0,3799,0,0
H26025,3,1761,4283,0,0,3,59,5981,0,209,0,1,0,193,0,3
H26026,17,552,1582,0,2,0,1251,5767,0,4786,0,0,2,68,0,0
H26027,4,98,3467,0,6,13,484,1594,0,3414,0,2,0,7177,0,1
H26028,0,327,7582,0,0,1,63,6790,0,25,0,0,0,25,0,0
H26029,12,21,9458,0,0,2,202,5402,0,314,0,0,0,90,0,1
H26031,16,961,5566,0,7,13,721,8486,0,880,0,0,0,630,0,0
H26033,14,53,6560,2,0,17,125,6323,0,1806,0,0,0,3102,0,1
H26034,6,36,9265,0,27,28,1603,5281,20,2,0,0,7,5802,0,0
H26035,8,165,2610,0,32,3,133,4472,0,4227,0,3,2,5734,1,0
H26036,9,288,12807,0,0,45,200,6376,0,165,6,3,0,87,0,0
H26037,14,1342,3054,0,0,165,527,6373,0,4571,0,6,0,351,0,0
H26039,5,153,3592,0,6,14,1232,5150,2,152,0,0,0,110,3,0
H26040,6,106,5593,0,1,130,156,4801,7,581,0,0,0,519,2,0
H26041,5,77,10227,8,0,516,119,3128,0,149,3,0,0,350,2,4
H26042,4,29,4090,0,0,10,842,6127,0,5488,0,5,0,99,0,0
H26043,0,40,3140,0,0,15,441,8153,0,4281,0,1,0,452,0,0
H26044,4,360,7034,0,0,4,476,8028,0,1037,5,0,0,1205,0,1
H26045,39,714,7390,4,0,13,1096,6905,0,236,6,0,0,6521,0,0
H26047,9,180,7995,0,2,297,903,7410,7,1296,0,0,0,353,1,2
H26048,63,664,7429,0,0,3,532,6541,0,895,0,4,1,1331,0,2
H26050,8,210,6075,0,0,17,80,6163,0,381,9,0,0,9048,0,1
H26052,6,359,10758,1,0,0,227,5428,0,908,1,0,0,1570,0,0
H26053,11,385,3620,0,0,23,199,10809,0,6710,3,0,0,103,1,1
H26054,134,266,39,0,0,6,5034,1603,0,1275,11,0,0,3798,0,4
H26055,13,164,3762,0,0,0,267,8549,0,2392,0,0,0,7291,0,2
H26059,16,581,3743,0,0,26,899,6505,0,1367,0,0,0,487,1,0
H26060,5,209,3639,0,0,0,76,4063,0,3069,0,0,0,774,14,0
H26061,7,74,7047,0,1,0,209,2566,0,26,0,0,0,2454,5,0
H26062,8,25,8266,0,6,30,81,2393,0,416,0,0,1,249,0,0
H26063,18,390,5591,0,0,24,297,6717,4,285,0,1,0,2243,0,0
H26065,19,518,5637,0,29,24,1157,6611,0,90,0,14,0,125,0,0
H26066,5,172,3818,0,0,0,503,9552,0,2613,0,0,0,224,0,0
H26068,37,12,1165,0,0,0,1706,5804,0,3563,0,7,0,5297,0,1
H26070,18,322,976,0,0,152,2130,10406,0,33,4,0,0,511,0,4
H26072,11,820,5658,0,12,60,1054,3855,0,393,0,0,0,1030,3,0
H26073,2,16,7140,0,0,21,279,2596,0,1418,0,1,2,5209,4,0
H26074,1,134,4412,2,5,13,711,5125,0,131,1,0,0,5584,1,0
H26075,4,110,6553,0,0,10,198,3685,0,3224,2,1,0,7637,3,0
H26076,3,30,7892,0,3,372,316,6453,0,4604,0,0,0,701,0,0
H26077,14,30,502,0,0,22,347,6495,0,3315,0,0,1,345,1,0
H26079,3,144,6648,0,66,19,648,4992,9,55,0,0,3,249,0,1
H26081,7,87,14029,0,0,332,49,3658,0,197,0,0,0,450,33,0
H26082,26,1314,5003,0,0,16,1826,14092,0,86,0,3,0,2080,3,1
H26083,2,97,6068,0,32,1,715,14575,0,1342,0,1,0,109,0,0
H26084,6,182,8282,0,5,62,312,4974,0,1354,1,0,0,1663,0,0
H26085,9,173,3278,0,0,15,1081,6698,0,63,0,0,0,7341,0,1
H26087,9,23,3522,0,271,49,987,3943,0,1067,0,1,0,2882,0,0
H26088,4,26,7274,0,0,4,158,5535,0,401,0,0,0,62,0,1
H26090,8,253,2173,0,0,0,336,6052,0,3855,1,0,0,39,0,2
H26091,5,279,1830,0,4,0,821,6060,0,173,0,1,0,45,23,0
H26092,6,78,7072,0,0,76,813,3261,0,824,0,0,0,320,2,0
H26093,10,32,6379,0,2,0,644,4519,0,1627,2,3,0,450,1,1
H26094,0,9,6923,0,0,40,344,2476,0,448,0,0,0,6592,0,0
H26095,25,282,6284,0,0,294,454,4166,0,434,0,3,0,131,0,1
H26096,5,107,5683,0,0,1,162,9817,0,1697,0,0,0,186,0,2
H26100,23,82,9194,0,0,1,178,3391,0,1548,0,0,0,2498,0,0
H26102,0,81,1710,0,6,357,669,5282,3,50,0,0,0,869,3,0
H26103,42,622,5246,0,0,0,823,6583,0,128,0,7,3,1553,0,0
H26104,12,68,495,0,0,4,994,7107,0,14,0,0,0,291,0,0
H26105,16,375,6901,5,0,83,353,3666,0,247,0,0,15,1471,0,1
H26106,5,358,3825,0,0,2,293,4984,0,720,0,1,1,5986,0,0
H26107,31,914,3618,0,0,41,1853,9489,0,3266,0,0,0,1594,0,0
H26108,2,1180,1918,0,12,115,628,4720,0,332,0,0,0,4104,3,1
H26110,3,304,4079,0,0,0,989,4101,0,105,0,0,0,1132,0,1
H26112,0,282,4448,0,0,0,407,5098,0,30,4,0,0,1330,0,2
H26113,4,92,5677,0,0,143,432,7694,0,893,0,0,0,42,0,0
H26114,5,100,4682,0,8,1085,142,4454,0,518,0,1,0,1089,0,0
H26557,1,39,6725,0,0,0,194,6583,0,1363,1,0,0,37,0,0
H26559,13,252,4878,0,0,9,260,3227,0,24,0,0,0,844,0,1
H26566,2,39,3778,0,11,49,235,3403,5,438,0,1,0,359,3,1
H26567,4,33,5983,0,0,15,192,2333,0,14,0,0,0,550,1,1
H26568,0,46,4097,0,2,22,236,2749,0,787,0,0,0,302,0,1
H26571,2,106,4873,0,0,33,183,4407,0,1628,0,1,0,1331,0,0
H26572,0,1,4292,0,2,52,77,1935,0,888,0,0,2,339,1,0
H26574,2,24,3978,0,0,6,66,2765,9,140,0,0,0,1409,1,3
H26575,11,281,3319,0,0,93,128,4757,0,2197,0,1,2,21,0,0
H26580,18,266,825,0,0,0,747,3850,0,4531,1,2,6,1597,0,1
H26581,4,23,2954,1,2,0,1028,3682,0,1151,2,1,0,214,2,1
H26583,8,262,199,0,0,1,4056,2228,0,2997,1,3,0,61,0,0
H26584,12,392,1418,1,0,128,439,3873,0,532,0,2,1,84,0,2
H26585,2,179,2024,0,0,1,904,4104,0,31,0,0,0,505,1,0
H26587,12,165,2934,0,0,164,231,3602,1,482,0,2,0,1979,3,0
H26588,10,339,1453,24,27,57,1106,4188,0,612,0,0,0,5614,0,1
H26589,8,524,2504,1,0,7,972,4027,0,684,0,1,0,3872,0,0
H26590,5,303,4642,0,0,38,998,1915,0,66,0,0,0,1793,0,0
H26591,0,1,3631,0,8,0,285,2893,0,6,0,0,8,1551,3,0
H26593,15,177,4159,0,109,27,145,3533,0,74,0,2,0,118,0,1
H26596,6,132,6720,1,0,130,592,2687,0,218,1,8,1,390,4,0
H26599,1,127,3620,0,18,62,463,4158,9,304,1,0,0,795,0,1
H26603,3,223,3162,0,0,9,25,3527,0,48,0,0,0,1264,0,0
H26605,6,117,2744,0,13,72,890,4081,5,98,0,1,0,241,2,0
H26607,0,85,3343,0,0,42,106,2231,0,427,0,0,0,1088,0,0
H26608,10,410,277,0,0,1,892,4312,0,7,1,0,0,3018,0,4
H26609,3,44,3309,0,0,10,195,3657,0,235,0,1,1,97,0,0
H26611,0,26,3921,0,0,1,9,1811,0,710,0,0,0,248,0,1
H26613,14,55,5274,0,0,316,700,2567,0,585,0,0,0,1061,0,0
H26614,11,356,1168,0,50,13,528,3825,0,686,0,1,0,4719,0,4
H26615,9,102,1571,1,8,12,577,4360,0,518,1,0,0,23,0,3
H26619,1,234,3689,0,0,0,384,6330,0,9,0,2,0,335,0,1
H26621,1,22,1979,0,4,4,493,4852,0,187,0,0,0,175,1,0
H26624,8,3,4003,0,0,141,45,2342,0,598,0,1,0,80,0,0
H26625,1,18,4227,0,18,0,114,2873,0,373,0,0,0,395,0,0
H26626,12,139,2022,0,0,9,286,2567,0,2337,0,1,0,32,0,1
H26628,0,30,3528,0,0,49,230,2565,0,704,0,0,0,3518,0,0
H26629,5,127,2861,0,0,43,431,2653,2,1120,0,1,0,61,0,1
H26632,93,967,431,0,0,1,1722,2769,0,34,3,49,1,2776,0,1
H26683,24,102,3992,0,0,0,1335,13288,0,732,0,33,15,96,0,0
H26684,10,27,9377,1,0,39,44,4730,0,2302,8,1,0,3418,0,0
H26685,8,44,7472,13,0,24,51,3492,0,796,0,0,0,1230,0,0
H26686,1,46,5173,4,0,28,754,7599,0,1064,0,0,0,1113,0,0
H26688,17,99,9942,0,0,15,417,5736,0,55,0,1,8,2994,0,1
H26690,35,549,2754,0,355,1,1113,10718,0,85,0,18,5,93,0,4
H26691,2,62,5817,0,16,58,178,3805,0,1326,0,1,0,215,0,0
H26692,8,86,4224,1,6,100,194,4287,0,93,3,2,3,373,0,0
H26693,9,42,5397,0,0,0,788,4116,0,9934,0,3,0,2634,0,0
H26694,54,485,1180,0,0,0,1922,6899,0,336,0,12,2,353,1,1
H26695,24,28,4558,0,0,0,835,11082,0,5962,0,0,0,1048,0,0
H26697,8,126,5868,1,3,0,479,7653,0,8,0,0,0,1682,0,0
H26699,9,210,386,4,0,11,241,6135,0,2543,0,0,0,1388,4,0
H26700,3,11,9791,0,0,0,180,12461,0,46,0,0,0,92,0,1
H26701,9,106,5131,0,0,67,84,4653,0,3574,0,0,1,792,0,0
H26702,0,63,6967,0,0,4,244,3709,0,211,0,0,0,590,0,4
H26703,6,75,3546,0,0,0,500,4424,0,3573,2,1,0,99,0,1
H26704,0,208,3666,0,0,1,302,5429,2,775,0,2,0,2501,0,0
H26705,1,8,1924,0,9,7,1790,6327,0,586,0,0,0,29,0,0
H26706,1,320,8134,0,28,12,1145,4165,5,263,8,0,1,246,1,0
H26709,1,11,5381,6,6,17,950,3127,5,425,0,0,1,367,1,0
H26712,8,88,7803,2,0,0,214,3621,0,281,0,0,0,367,0,0
H26713,0,44,6165,4,0,5,551,3515,0,1035,0,0,0,210,0,0
H26714,7,203,1054,0,5,9,445,6827,0,184,0,0,0,3010,0,0
H26715,2,22,4254,0,1,13,78,3746,0,627,0,0,0,2698,0,0
H26716,2,293,2667,0,4,13,336,4602,15,1281,1,0,0,2146,0,1
H26718,1,115,5454,0,0,7,110,5628,0,932,0,0,1,63,1,0
H26719,2,114,3762,0,1,64,239,4219,10,22,0,0,2,742,0,1
H26720,39,16,1503,0,0,0,207,3220,0,1232,0,0,0,323,0,0
H26721,5,3,5578,0,0,2,215,3230,0,3487,0,0,0,1721,0,0
H26723,12,143,4631,0,2,0,1015,3669,0,573,0,0,0,177,0,1
H26725,6,218,3392,0,0,0,2197,7563,0,511,0,22,0,131,0,0
H26727,14,153,6693,0,0,14,576,4503,0,165,0,1,0,176,0,1
H26729,13,24,3935,0,0,7,30,6281,0,2355,2,0,0,25,0,0
H26731,5,190,2863,0,0,45,2296,11206,0,255,0,5,0,115,7,0
H26732,1,58,2570,0,6,56,899,6828,0,2257,0,0,0,184,0,0
H26737,3,26,494,0,0,0,127,2786,0,123,0,0,0,17288,0,0
H26738,1,66,7111,17,0,53,3566,12401,0,193,0,0,0,120,0,0
H26739,31,224,508,0,37,0,984,8110,0,9700,0,0,0,20,0,4
H26740,0,32,5080,0,0,5,206,4480,3,1250,0,0,0,27,0,0
H26741,8,166,6535,0,21,3,452,6281,0,302,0,0,0,49,0,1
H26742,2,13,8494,0,16,9,225,5858,0,3833,0,2,0,1438,0,0
H26743,17,84,787,0,0,0,137,4466,0,12617,0,0,1,1832,0,1
H26744,15,397,4401,0,0,15,457,4390,0,78,10,0,0,8760,0,3
H26745,1,380,3844,0,0,13,191,3827,0,29,0,0,0,575,0,1
H26747,7,15,2174,0,0,0,286,11596,0,1521,0,0,4,724,0,1
H26749,2,63,6718,1,0,0,277,2999,0,904,0,0,0,583,1,1
H26750,7,123,3474,28,0,0,2678,10155,0,204,0,0,1,912,0,0
H26751,7,262,4537,0,0,3,488,4762,0,39,8,1,0,1943,0,1
H26752,7,105,7207,0,0,1,524,3425,2,185,1,0,0,144,2,0
H26754,0,23,8130,0,0,0,788,5492,0,1609,0,0,0,620,0,0
H26755,15,20,6691,2,0,0,767,3840,0,2737,0,0,0,508,0,1
H26756,9,196,5504,0,1,457,1717,7974,0,627,0,6,0,199,0,0
H26757,8,107,4360,0,8,12,264,6437,2,1477,0,3,0,1259,0,0
H26759,24,1297,381,0,0,0,4171,3621,0,495,4,0,4,4103,0,2
H26760,4,405,5572,0,7,39,209,6419,0,1076,0,3,0,118,2,1
H26761,4,298,2653,0,0,13,938,4093,0,2783,3,0,0,633,0,0
H26762,9,81,4432,0,42,4,854,10709,0,6323,2,0,0,80,0,1
H26763,2,154,5311,0,0,2,558,6006,0,188,0,0,0,170,0,1
H26764,10,722,3591,0,0,12,387,7565,0,49,0,1,0,1561,0,3
H26765,2,315,13491,0,0,7,267,3905,0,197,2,0,0,138,0,0
H26766,2,12,13399,0,0,7,129,4427,0,166,0,0,0,84,0,0
H26769,32,281,2469,0,10,3,1096,4092,0,407,0,3,0,1197,1,0
H26770,6,28,9030,0,0,30,273,3639,0,1958,0,0,0,277,0,0
H26771,2,80,1181,7,0,0,1508,7701,0,206,0,0,0,16,0,1
H26773,9,96,10296,0,0,4,592,3211,0,2186,0,1,0,155,0,0
H26774,9,517,5413,0,0,2,320,3159,0,2689,19,1,0,345,0,3
H26775,3,229,9673,0,12,6,191,4501,0,696,2,0,0,146,1,1
H26776,3,33,5688,0,2,38,260,5639,0,771,0,1,0,2011,0,0
H26777,2,228,2731,0,0,0,102,1741,0,1009,0,0,0,16129,0,3
H26778,23,316,3919,0,9,0,841,5429,0,148,0,0,0,267,0,3
H26779,16,65,4659,0,0,163,310,4001,0,2050,21,4,0,410,0,1
H26780,1,93,7931,0,41,582,294,3808,0,113,10,0,0,2041,0,0
H26781,17,342,2364,0,0,16,1101,8758,0,334,0,0,0,1016,0,3
H26783,3,237,2213,0,9,34,595,7832,0,663,0,0,0,17,0,0
H26785,14,673,555,0,0,15,182,5746,0,3732,0,9,0,296,0,0
H26786,13,683,1635,0,0,9,733,6303,0,255,5,0,0,1626,0,0
H26787,3,157,2979,0,1,6,339,4613,1,510,0,1,0,1328,1,1
H26789,2,455,4185,0,68,26,220,4202,0,34,0,0,0,1387,0,1
H26790,5,55,5025,0,0,1,754,3076,0,1328,0,0,1,3281,0,1
H26793,3,224,2727,0,5,207,509,3376,3,588,0,1,0,3009,0,0
H26794,0,364,1005,0,0,6,263,6389,0,5476,5,0,0,73,0,2
H26795,8,339,3882,0,0,7,806,3841,0,111,0,0,2,158,0,1
H26797,15,318,1294,0,0,0,148,8131,0,2032,0,8,0,1008,0,0
H26798,7,48,8311,0,0,18,168,2958,0,149,0,1,0,1536,0,1
H26799,5,397,4956,0,42,1,1673,4309,0,17,0,0,0,237,0,1
H26800,2,33,4583,0,5,35,1708,5194,0,15,0,0,0,120,1,0
H26801,0,5,4600,0,4,5,27,3579,0,423,0,0,0,11,0,1
H26803,2,190,5750,0,50,83,621,4053,0,558,0,0,0,415,0,1
H26804,4,47,1747,0,0,3,224,9544,0,3603,0,3,0,700,0,1
H26805,0,35,5729,0,2,9,116,2719,0,80,0,0,0,1692,0,1
H26807,14,134,2887,0,0,1,1216,5981,0,69,2,3,0,428,0,2
H26809,1,65,5648,0,6,17,420,5078,0,2011,0,2,0,472,0,0
H26810,8,295,910,0,6,2,1309,4652,0,1939,10,2,0,220,0,1
H26813,5,151,3146,0,0,139,1201,4250,0,2997,0,2,0,297,0,1
H26814,5,507,1056,0,0,55,1308,5098,0,27,0,4,0,1747,0,1
H26816,1,78,4096,0,0,0,110,3401,0,739,0,3,0,37,9,1
H26819,4,30,4658,0,0,2,64,2948,0,2533,0,0,0,1552,0,1
H26820,5,25,5654,1,0,93,274,3798,0,620,0,1,0,1106,0,1
H26821,2,99,3532,0,17,1,466,5391,0,17,0,1,0,53,0,1
H26822,3,556,2099,0,28,126,584,6305,0,218,0,3,0,77,0,1
H26823,3,145,5112,0,1,7,870,4129,4,85,15,0,0,1365,0,2
H26824,11,138,6495,0,9,22,239,3771,0,387,93,4,1,187,0,1
H26825,3,65,3081,0,0,17,132,3210,0,2022,0,0,1,2039,0,0
H26826,1,89,4704,1,56,14,462,2105,0,114,0,1,0,4720,1,1
H26827,4,532,2670,0,116,1,343,4953,0,531,0,0,1,127,0,2
H26828,6,249,3372,0,0,0,139,5966,0,1428,0,0,0,1958,0,0
H26829,0,159,3094,0,0,8,380,4181,0,1110,0,0,0,80,0,0
H26830,0,67,3444,0,0,0,99,2793,0,2181,0,0,0,0,0,2
H26832,13,326,6004,0,0,27,1257,8583,0,170,0,0,0,721,0,2
H26834,2,418,122,0,0,0,508,8761,0,450,0,0,0,1790,0,0
H26835,20,245,3080,0,0,135,451,2327,0,497,0,0,0,6633,0,0
H26838,1,84,2350,0,0,0,590,4675,0,1177,0,0,0,696,1,1
H26839,0,54,4826,4,0,0,153,1810,0,413,0,3,0,4866,0,0
H26840,10,50,4628,0,0,6,195,2186,0,1317,3,1,0,399,0,2
H26841,0,2,4451,0,9,70,53,4556,0,1157,0,0,0,375,0,0
H26843,2,70,4410,0,0,14,152,3807,1,113,0,1,0,20,2,2
H26844,11,50,5236,0,0,51,395,4651,0,879,0,0,0,459,0,1
H26845,8,118,4498,0,0,0,88,4038,0,2274,0,0,0,1249,0,0
H26846,3,13,6661,0,4,65,92,2658,3,466,0,0,0,5854,0,0
H26848,1,14,4108,0,390,5,581,2551,0,320,0,1,0,170,0,0
H26850,17,275,3119,6,685,32,3030,6214,0,768,0,0,0,5024,0,0
H26851,1,33,1260,0,22,0,413,6949,0,352,0,0,1,339,0,0
H26852,8,12,15009,0,0,0,161,2816,0,279,0,0,5,1300,0,1
H26853,11,209,6029,0,0,16,249,3022,0,81,0,0,0,708,0,0
H26854,0,37,5555,0,205,19,1626,3450,3,56,0,0,1,847,0,0
H26855,3,46,4095,0,18,1,231,1632,0,1000,0,0,0,5625,0,0
H26856,20,123,989,0,0,0,10267,8526,0,116,0,7,22,3899,0,0
H26858,20,160,5968,0,3,32,305,5772,0,1526,0,0,0,599,0,0
H26859,0,81,1250,1,2,1,261,5684,0,338,0,0,0,3689,0,1
H26860,1,8,7835,47,0,0,14,1852,0,377,0,0,0,793,0,0
H26862,3,50,5458,0,15,6,472,4054,0,552,0,1,0,627,2,0
H26865,6,105,4249,1,6,6,61,3530,0,335,0,0,0,3817,0,0
H26867,1,19,7545,0,12,7,188,4870,0,1902,0,0,0,92,0,0
H26868,8,83,5513,0,6,4,182,6093,0,1855,0,0,0,60,0,1
H26869,5,182,4448,0,0,0,82,6137,0,21,0,0,0,5819,0,1
H26870,0,17,6294,0,14,46,108,3383,0,311,1,0,0,436,0,1
H26872,3,147,6090,0,0,5,518,12031,0,507,0,3,6,82,0,1
H26875,121,208,5513,4,0,1,230,3194,0,25,0,0,0,6092,0,0
H26876,1,5,4023,0,0,1,89,1608,0,2615,0,0,4,9023,0,0
H26877,3,193,5629,0,0,105,273,6500,9,559,0,0,0,1757,3,1
H26878,76,87,5189,0,0,14,924,6995,0,262,0,0,0,565,0,0
H26880,11,18,8853,0,0,73,161,10236,0,366,0,0,0,9112,0,0
H26881,7,72,2716,0,0,4,3595,2974,0,276,0,2,0,634,0,0
H26884,3,319,2680,0,18,1,2150,3681,0,1200,0,0,0,12,0,2
H26885,3,484,7401,0,0,3,523,4617,0,64,0,0,0,53,0,1
H26886,14,6,7643,0,0,0,84,2329,0,634,5,0,4,864,0,0
H26887,33,160,4022,0,0,6,507,6288,0,4027,0,0,0,1503,0,1
H26888,3,148,9302,0,0,293,469,7435,0,126,0,0,0,109,0,1
H26890,1,15,6523,0,0,1,65,3924,0,670,0,0,0,222,1,0
H26891,10,776,15288,0,0,0,77,3288,0,221,32,0,26,193,0,1
H26893,11,3,8711,0,0,36,168,3175,0,2296,0,0,0,5833,0,0
H26894,2,6,6593,0,0,1,219,4100,0,334,0,2,0,35,0,0
H26895,10,34,3785,0,101,117,130,6102,0,2975,0,0,0,238,1,1
H26896,13,10,8847,0,0,3,486,6824,12,2536,0,0,0,2012,0,1
H26897,4,26,5592,0,1,7,566,3648,0,1498,0,0,0,527,0,0
H26898,4,4,6188,2,4,266,88,4504,0,230,0,0,0,857,0,0
H26901,4,286,5696,0,50,41,145,4042,3,2190,0,1,0,27,0,1
H26902,15,16,4124,5,1,0,472,4823,0,2544,3,0,0,507,0,0
H26903,1,12,6449,0,0,4,88,3823,0,493,0,0,0,342,0,1
H26905,0,8,4238,0,0,13,536,3112,10,236,0,0,0,1425,0,1
H26906,8,64,2680,7,0,18,396,6550,17,207,0,2,0,2177,0,2
H26907,2,4,5473,0,0,2,142,3181,3,539,1,0,0,193,0,1
H26908,5,52,4851,0,4,18,266,4805,1,917,0,1,0,113,3,0
H26909,2,20,9712,0,0,28,20,3087,0,1320,0,0,0,72,0,1
H26911,1,15,8576,0,0,51,84,2654,0,1020,0,0,0,222,0,1
H26912,2,13,2954,0,2,0,230,4979,0,10713,0,0,0,1603,0,1
H26913,2,40,6359,1,0,45,152,3228,2,1619,0,0,3,164,0,1
H26915,6,51,6651,0,0,0,442,3490,0,511,0,0,0,2516,0,0
H26916,2,43,3932,0,0,102,280,4792,0,687,0,0,0,471,0,2
H26917,5,13,5358,0,1,0,141,3370,0,3123,0,1,0,236,0,0
H26918,1,8,4896,0,4,49,144,2424,0,968,0,0,0,1785,1,0
H26919,0,6,7037,0,0,0,60,3493,0,838,0,0,0,37,0,0
H26920,1,48,6274,0,50,18,2094,5070,0,2364,0,0,0,325,0,1
H26921,1,31,8430,0,0,65,131,3343,0,1135,0,0,0,547,0,1
H26923,5,67,5669,0,0,194,531,2908,0,53,0,2,0,4742,0,0
H26925,2,71,3817,0,8,65,289,6868,3,1468,1,0,0,2251,0,1
H26926,0,19,5626,2,0,56,177,3516,0,235,0,0,0,944,2,0
H26928,3,70,8078,8,0,36,375,8211,2,1852,3,2,0,592,0,0
H26929,0,65,5375,0,0,8,411,3786,9,1893,0,1,0,1501,0,1
H26930,18,262,5614,0,0,0,115,5298,0,2,0,0,0,53,0,1
H26931,8,106,5504,11,0,9,895,5979,0,1140,23,1,0,140,0,1
H26932,2,73,14522,0,0,18,285,2090,0,2678,0,0,0,79,0,1
H26933,1,36,7299,0,5,15,498,5721,0,1756,0,0,0,338,0,1
H26934,2,23,7067,0,74,28,135,3986,0,54,14,0,0,185,0,1
H26935,2,35,5638,0,17,61,151,4603,0,412,0,4,0,1678,0,1
H26938,8,323,826,0,183,11,552,8507,0,1529,0,6,4,26,0,2
H26941,7,128,3716,2,0,284,280,4077,0,210,0,0,0,366,0,1
H26942,1,34,5085,1,0,0,36,3511,0,2446,0,2,0,146,1,2
H26943,1,157,2070,0,3,7,401,2876,0,1284,0,0,0,572,0,1
H26944,9,37,3348,0,0,5,2176,6010,0,554,0,0,2,64,0,0
H26945,7,137,9483,0,0,24,334,6556,0,1557,3,0,0,354,1,1
H26947,4,34,8834,9,0,13,64,5894,0,2473,0,0,0,1752,0,0
H26949,5,205,8175,0,0,2,514,6302,0,1355,0,0,0,525,0,0
H26950,2,102,4222,0,0,59,270,9831,1,290,0,4,0,114,0,0
H26951,1,455,2555,3,0,0,543,3440,0,370,0,0,0,1320,0,1
H26953,41,458,8476,0,0,7,570,3576,0,84,0,0,0,8839,0,0
H26955,2,140,8053,0,0,3,830,8003,0,1017,0,0,0,1285,0,1
H26956,5,8,7772,0,0,21,104,3617,0,3367,0,0,0,537,0,0
H26958,0,43,9737,0,25,5,124,5438,0,1095,0,0,2,25,0,1
H27050,2,1,16919,0,0,0,467,6520,0,1091,0,0,5,831,0,4
H27053,3,165,6193,0,0,61,1246,6626,0,964,0,0,1,293,0,1
H27054,0,113,6498,0,0,0,1042,5530,0,329,2,0,0,417,0,0
H27071,5,360,12264,0,73,1,1552,15363,0,4895,0,48,0,834,0,0
H27072,0,126,4055,0,0,61,3698,10559,0,3024,0,0,0,7459,0,0
H27073,2,5,17322,0,13,5,51,9507,0,781,0,1,0,3282,0,4
H27074,20,224,10513,3,0,97,979,8704,0,1203,2,6,0,759,0,0
H27075,1,72,9867,0,204,104,797,6989,1,1558,0,0,0,357,0,1
H27076,42,265,7170,0,0,0,1103,11886,0,7372,0,0,0,5271,0,3
H27077,0,101,14793,0,103,178,836,8326,0,1970,0,0,0,4101,3,0
H27078,8,144,9217,0,29,172,602,6817,0,2336,0,0,0,7899,0,0
H27079,5,100,4396,0,0,3,611,23344,0,295,0,4,0,220,0,1
H27081,2,71,13496,0,251,164,205,3107,2,1562,7,1,6,1550,0,0
H27083,2,120,11539,0,97,21,490,12166,1,1755,1,2,0,701,0,0
H27084,30,2487,2289,0,2,931,1085,8629,0,4731,9,0,0,5430,1,1
H27085,12,117,9988,0,0,48,592,6868,0,105,0,0,0,2951,0,0
H27086,2,29,8401,0,1087,11,464,9408,17,63,0,0,0,883,8,1
H27087,6,141,10527,0,0,36,651,6075,0,3631,0,0,0,2077,0,0
H27090,7,438,2117,0,0,0,2738,9160,7,4754,0,5,0,346,0,1
H27091,10,227,7386,0,0,4,5416,13134,4,507,0,10,0,328,0,3
H27093,45,98,2861,0,4,27,3365,19665,0,5131,0,4,0,4226,0,0
H27094,1,1042,7997,0,0,1,1570,5601,0,100,2,0,0,6470,0,1
H27096,128,520,6265,0,0,0,3082,12197,0,5354,0,8,0,605,0,2
H27097,7,229,15749,0,0,33,173,5655,0,1695,0,0,0,447,0,1
H27098,0,108,11306,2,0,95,784,8199,0,148,0,0,38,686,1,0
H27099,1,92,19835,0,0,2,215,4007,0,7321,0,0,0,53,5,1
H27102,0,231,7287,0,18,186,769,9002,21,2,0,0,2,2663,17,0
H27103,21,17,10284,4,0,581,123,12687,0,72,0,0,0,1205,0,0
H27104,3,11,7676,1,0,6,2227,6989,0,2556,1,0,0,361,0,0
H27105,0,5,8642,0,0,189,122,4881,0,2807,0,0,0,2251,2,0
H27106,2,82,9906,0,0,115,175,4766,0,2199,0,0,1,6412,0,1
H27107,14,124,15279,23,0,434,462,13236,1,3125,0,0,1,978,1,0
H27108,5,16,6380,0,39,5,189,12141,0,3351,0,2,0,908,0,0
H27109,1,138,9174,0,0,28,413,11310,0,2764,0,0,1,2182,5,0
H27111,18,94,7838,0,0,179,2624,7970,0,5811,0,0,3,19483,0,0
H27112,7,428,6584,0,5,17,1213,8354,0,4147,0,0,0,408,2,0
H27113,0,22,7733,0,0,77,1145,6480,4,744,0,0,0,166,0,0
H27114,6,47,18075,11,0,42,246,8669,0,576,0,0,0,2234,0,0
H27116,5,57,11567,0,0,280,377,4458,0,7437,0,0,0,4010,0,0
H27117,8,625,4122,0,0,2,561,18102,0,367,4,0,0,1219,0,0
H27118,3,113,12454,0,40,13,166,5004,0,5620,0,0,0,181,2,0
H27120,6,254,8693,0,0,80,287,10593,0,4234,0,0,0,1199,0,0
H27121,1,108,10316,59,0,287,1276,5342,0,63,0,1,0,2726,0,1
H27122,0,263,10113,0,0,1,152,6380,0,2244,0,6,0,327,0,2
H27123,1,57,12587,0,0,25,2385,7300,0,1936,0,0,0,3468,0,0
H27124,0,33,12075,0,7,86,262,6087,0,790,0,2,0,1474,0,1
H27125,9,390,7904,4,3,227,1697,13648,52,669,0,0,0,187,4,0
H27126,55,229,3716,0,0,0,1980,12855,0,3359,0,0,0,7994,0,1
H27127,12,202,13239,0,0,199,477,7856,0,3959,0,0,0,5395,0,3
H27128,19,154,10357,0,0,53,2038,12867,0,3819,0,0,1,54,0,2
H27129,2,121,2477,0,0,0,783,20344,0,40,0,0,0,642,0,0
H27130,2,906,8884,16,0,18,238,6106,0,6,0,1,0,1228,0,1
H27131,20,198,4502,0,1,121,328,12186,0,3564,0,0,0,3691,0,0
H27133,0,74,9260,0,129,80,441,6475,10,429,0,0,0,5851,0,2
H27134,3,1,10011,0,0,4,301,7699,0,139,0,2,0,6027,0,1
H27135,2,127,5773,0,228,106,232,8982,2,1989,0,1,0,969,1,0
H27136,9,11,10960,9,0,0,371,6605,0,3443,0,0,0,1778,0,1
H27137,1,50,7113,0,0,210,265,6379,0,1722,0,0,1,315,0,0
H27138,2,40,11155,0,0,9,218,7435,0,5886,0,0,2,80,4,0
H27140,0,7,9378,0,4,51,676,6759,7,732,0,0,1,791,1,0
H27142,0,10,14443,0,0,325,533,8039,0,10,0,0,3,7611,0,1
H27143,2,166,12931,0,0,148,246,8498,0,438,0,0,0,404,0,0
H27144,16,59,10710,0,0,3,459,7583,0,4377,0,0,0,9226,0,0
H27145,3,80,6595,0,0,16,865,9178,0,128,0,0,2,172,1,0
H27147,12,466,16185,0,3,414,2175,9606,0,1144,0,0,0,24,0,2
H27148,2,178,12707,0,0,22,131,6503,0,5798,0,0,0,485,0,0
H27149,2,180,16566,3,2,25,752,9008,0,1222,0,0,0,4050,0,0
H27150,0,6,11339,0,0,12,574,7957,0,43,0,0,6,1376,0,0
H27151,9,83,12097,19,0,3,413,8827,0,3171,2,1,0,5664,0,1
H27155,2,133,14845,5,0,386,312,6629,0,161,0,0,0,3804,0,0
H27156,8,26,12809,0,0,764,444,1619,0,4846,0,1,0,245,0,0
H27158,1,6,18408,0,374,242,125,9645,6,1189,0,0,0,1469,1,0
H27161,1,121,18526,0,0,1,893,8737,0,1417,0,0,0,378,0,1
H27162,0,48,11896,0,0,0,354,7988,0,2799,0,0,0,392,0,0
H27163,3,175,10992,0,0,0,1116,9251,0,736,0,0,0,1656,10,0
H27164,0,30,14647,0,0,17,120,5337,0,510,0,0,2,1697,0,0
H27169,1,20,6886,0,1,154,93,2987,0,948,0,0,1,2920,10,0
H27171,7,144,13699,0,15,101,1711,4775,0,952,0,0,0,8360,0,0
H27172,1,81,12871,0,14,161,357,6064,0,666,0,11,0,1669,0,0
H27174,6,286,10820,0,76,27,246,11476,0,483,0,5,0,277,0,1
H27175,4,2091,6574,1,0,202,3576,13749,0,601,0,3,0,1181,4,3
H27176,1,281,16540,0,0,63,389,5712,0,582,0,0,0,1953,0,0
H27177,4,493,4678,0,134,0,1362,5172,0,1097,3,1,1,3983,0,1
H27179,6,82,7837,0,9,16,2028,11919,0,1201,3,0,2,2091,12,0
H27180,3,93,9690,0,0,33,2763,7134,4,653,0,0,0,84,0,0
H27182,164,419,6851,0,861,106,2343,5968,1,251,0,0,0,13879,2,1
H27183,11,229,9404,0,1,0,3035,10331,0,1,0,0,0,15562,0,2
H27184,57,903,6918,4,51,2,1713,12590,0,149,2,0,0,701,11,2
H27186,8,27,1473,0,0,0,1286,13830,0,141,0,0,0,8267,0,1
H27187,9,115,9803,0,0,0,95,9765,0,3961,0,0,0,4440,0,1
H27188,6,111,6908,0,0,4,1150,4658,0,3983,0,0,0,2536,0,2
H27189,10,150,2661,0,0,39,674,9174,0,7254,1,0,0,143,0,1
H27190,17,107,4309,7,3,3435,147,11563,0,6663,8,0,12,139,0,1
H27191,3,264,8633,0,0,34,162,10596,0,422,0,4,0,1269,0,0
H27192,45,3378,1579,0,0,5,2682,10744,0,9635,0,0,0,74,0,0
H27193,3,1,16024,0,0,0,138,4460,0,1680,0,0,0,5272,0,2
H27194,1,103,15088,0,0,8,279,11048,9,672,0,0,0,2420,0,1
H27195,19,405,14938,0,0,195,4240,11092,7,221,0,0,0,99,0,1
H27196,24,553,5635,0,0,168,2238,10098,0,7113,0,19,0,944,0,1
H27197,10,156,7231,0,32,13,2599,8211,9,1357,0,0,0,405,0,2
H27198,4,45,7637,0,35,3,832,10891,10,1589,0,1,0,796,2,0
H27199,5,55,12268,12,2822,50,266,9047,0,66,0,0,0,474,2,1
H27200,8,185,14507,3,2,57,211,7888,22,470,0,1,0,2715,5,1
H27201,13,953,14437,1,1,0,1407,7926,0,6117,1,0,0,5727,0,1
H27204,52,1348,5958,0,14,104,344,11549,0,366,0,2,0,28,1,3
H27206,5,203,8224,0,0,25,84,4447,0,8066,0,5,0,6852,0,1
H27207,2,113,9022,1,0,29,942,8505,16,1410,0,0,0,293,0,1
H27208,11,50,10820,0,0,0,58,2043,0,98,0,0,0,13004,0,1
H27209,20,64,4905,0,10,44,2004,10356,0,104,0,19,0,47,0,0
H27210,8,207,7083,0,17,15,2126,9767,0,92,0,0,6,4218,3,0
H27211,3,228,8176,0,75,0,745,8921,0,780,0,0,0,13795,4,1
H27212,1,55,15150,0,0,0,191,4164,0,3808,0,1,0,202,0,1
H27213,0,54,10267,0,33,429,173,6986,1,229,0,0,2,141,1,1
H27214,0,16,7962,0,101,47,312,6964,0,616,0,0,0,1464,0,1
H27215,0,57,4495,0,0,0,421,16041,69,2461,0,2,0,818,0,1
H27216,3,132,15812,0,0,0,396,8107,0,3109,0,33,1,3982,0,0
H27217,1,30,14396,1,0,821,71,4696,0,1275,0,0,0,660,0,0
H27218,4,89,8202,0,0,194,640,6442,0,1213,0,3,0,5378,0,0
H27220,4,23,9843,0,0,47,512,8749,0,1126,0,0,0,552,0,0
H27221,5,86,8437,0,0,112,529,6478,2,2199,0,0,0,462,2,0
H27223,7,184,10890,0,24,45,304,6888,0,2157,0,0,0,1246,1,1
H27224,6,19,10396,0,0,11,340,13313,0,1780,30,0,0,4954,0,1
H27226,7,38,18779,0,0,3,356,4198,0,2949,0,0,0,1127,0,2
H27227,3,57,13902,0,0,7,364,5134,0,6618,0,0,0,2777,0,1
H27228,77,1365,4243,0,0,0,1543,9829,0,5394,5,26,0,506,0,1
H27229,16,594,6146,0,2,281,1374,10498,13,46,37,0,0,5517,2,1
H27230,8,211,16152,0,0,1,712,3121,0,7392,3,2,0,2004,0,1
H27232,5,67,16948,0,0,112,680,6581,0,1168,0,8,0,1243,0,2
H27233,1,329,13049,0,0,20,144,8060,0,2914,0,0,0,2004,0,0
H27235,12,750,5161,0,17,31,2658,7966,0,5207,0,1,0,15515,0,1
H27236,0,127,2408,0,5,65,381,16289,0,211,0,3,3,2040,0,1
H27238,10,141,2872,0,6,17,1158,5891,0,7372,3,0,0,13601,0,1
H27239,11,280,7812,0,1,254,1105,11116,0,1380,0,1,0,3182,1,1
H27242,3,54,7364,0,0,11,41,3140,0,1461,0,0,2,4355,0,0
H27244,16,103,6285,0,25,31,1091,8872,0,607,0,0,1,74,0,0
H27245,1,13,6330,0,17,65,94,6127,0,827,0,0,3,982,0,1
H27246,13,110,7216,0,0,2928,576,6261,0,834,0,13,0,4240,0,0
H27247,17,994,10851,0,0,0,826,9335,0,2839,8,10,3,8715,0,1
H27250,4,194,11965,2,0,231,895,8228,23,956,4,0,3,8306,0,0
H27251,12,598,7190,0,0,2,1050,16194,0,2750,0,1,0,251,0,2
H27252,9,65,4320,0,0,0,1682,10893,0,1299,0,0,0,4722,0,0
H27254,20,29,10806,0,0,12,460,8438,0,9957,0,0,2,472,0,0
H27255,6,58,9560,0,0,0,1155,6019,0,4157,0,0,0,5992,0,0
H27258,14,751,5741,0,0,3,323,15872,0,5636,0,1,0,4168,0,0
H27259,1,19,11368,0,35,38,470,7476,0,3947,0,0,0,13449,0,1
H27263,9,156,10733,0,6,41,577,12201,0,1843,0,6,0,264,1,0
H27264,2,110,13008,0,3,0,472,11237,0,257,0,4,0,408,0,0
H27265,2,109,20799,0,256,7,496,14847,0,1709,0,0,0,2017,0,1
H27266,17,210,4391,0,0,9,1708,11002,0,1710,0,3,2,9518,0,0
H27267,0,77,10613,3,70,81,577,11906,5,883,0,0,0,2358,0,1
H27269,1,44,15505,0,0,75,212,7877,0,1124,0,0,0,1378,0,1
H27271,1,32,12702,1,7,24,367,7374,0,2765,2,5,2,3546,0,1
H27272,0,21,7579,0,0,6,167,16466,0,98,0,0,0,3464,0,1
H27273,2,49,10600,0,81,84,440,12090,0,5380,0,0,0,513,0,0
H27274,1,807,11275,4,0,12,272,11408,0,707,0,0,0,1469,0,2
H27275,6,73,14327,0,24,26,709,8521,0,632,0,0,0,394,0,1
H27276,2,17,11648,0,0,160,1291,8449,7,2030,0,1,73,640,1,0
H27277,1,19,9648,0,0,0,444,10932,0,1685,0,5,1,2039,0,0
H27278,8,118,11604,3,90,23,747,8258,6,1693,4,3,0,577,0,0
H27279,7,293,1560,0,0,7,162,19476,1,5735,0,8,0,3155,0,0
H27280,1,143,12735,13,67,24,1474,11540,0,1824,0,0,0,671,5,1
H27282,30,180,8476,0,0,63,2051,12639,0,2251,1,17,0,5179,0,0
H27283,2,102,4282,0,27,5,764,15228,0,6715,0,0,0,90,0,1
H27284,12,567,1133,0,26,83,3643,12725,0,2013,10,1,0,2015,3,2
H27285,1,53,3869,0,5,24,724,11492,1,5233,2,0,1,61,3,1
H27286,64,304,2239,0,133,39,3477,10946,0,286,0,8,0,9626,0,0
H27288,4,105,2247,0,0,0,905,13294,0,1494,0,0,0,123,0,0
H27289,7,523,7901,0,13,0,1178,16448,0,3901,2,18,0,54,0,0
H27290,3,135,6079,0,0,0,1523,9705,0,2172,0,4,0,12645,0,0
H27291,8,185,12226,0,0,0,2157,6247,0,2342,0,0,0,14992,0,1
H27293,4,471,9416,2,0,716,786,14574,27,3540,12,0,0,308,1,1
H27294,1,88,13514,0,7,22,151,8349,0,1167,0,0,0,7979,0,1
H27295,1,1016,10150,0,0,29,970,12518,0,6923,0,0,0,503,0,0
H27296,1,184,11321,9,15,386,1776,8371,28,1338,0,2,0,4954,0,1
H27298,0,347,11874,0,26,72,1773,9582,0,4733,0,0,0,382,0,0
H27299,8,86,6743,0,0,13,5123,10423,0,172,0,16,0,100,1,0
H27302,4,0,13042,0,0,21,137,2741,0,920,0,0,0,998,0,0
H27303,7,52,11020,0,0,14,158,11933,0,3356,0,0,0,1749,0,2
H27304,1,10,11735,0,0,0,365,6902,0,3734,17,0,0,2324,1,1
H27305,3,154,18579,0,57,13,439,14241,0,439,0,4,0,105,0,1
H27306,2,163,3127,0,0,0,354,13990,0,51,0,0,0,3587,0,1
H27307,1,158,16717,0,0,41,180,9881,0,3326,0,12,0,249,0,1
H27308,1,77,11211,0,35,10,1500,8118,0,3023,0,2,6,889,3,0
H27310,4,221,6025,3,0,52,850,12980,0,454,0,3,0,2574,0,0
H27312,7,48,4789,0,0,0,33,7437,0,11059,0,2,0,48,0,0
H27314,6,175,9269,40,0,63,1444,7633,12,612,0,0,0,7815,0,1
H27316,0,15,970,0,1,31,433,10675,0,4288,2,4,0,14844,0,0
H27317,10,67,17011,0,0,7,196,6270,0,89,0,0,0,43,0,0
H27318,3,297,10497,0,0,31,547,7395,0,11958,0,3,3,90,1,0
H27319,1,9,7798,0,0,3,252,7667,0,520,0,0,0,2746,0,0
H27320,1,90,2798,23,0,0,1745,18473,0,715,0,6,1,228,0,0
H27321,2,12,8213,0,0,0,2839,10043,0,2056,0,17,0,84,0,1
H27322,5,51,6571,0,98,86,241,12620,0,406,0,0,0,103,0,3
H27324,7,56,5208,0,20,7,477,10789,0,2128,0,0,0,405,0,0
H27325,0,61,7741,0,75,0,814,9641,0,391,0,0,0,889,0,1
H27327,0,8,7201,0,3,0,101,3068,6,104,0,0,0,39,0,1
H27328,21,1405,2572,0,0,355,337,7227,0,5149,0,0,0,7548,2,1
H27329,6,10,9322,0,0,0,332,10660,0,5321,7,7,0,1030,0,1
H27330,2,367,5330,0,8,21,1214,8807,0,3561,0,0,0,332,0,0
H27332,2,414,4638,9,0,11,1334,4600,0,10908,3,26,0,126,0,0
H27336,4,44,7663,0,2,103,600,18431,0,4102,0,0,2,127,1,0
H27337,0,32,16004,0,0,15,173,14125,17,563,0,0,2,1514,39,1
H27339,44,21,8887,0,0,0,996,12618,0,4141,0,21,0,1585,0,1
H27340,20,406,10113,2,4,194,829,8050,0,779,66,3,0,938,0,1
H27342,1,68,11688,14,334,2,139,4563,0,2134,6,2,0,1219,0,1
H27343,18,342,2035,0,0,5,2372,17872,0,35,0,7,0,4700,0,1
H27369,4,187,11200,0,3,102,2952,11883,4,790,0,0,0,867,0,0
H27370,14,460,3616,0,73,35,1256,16738,0,4536,0,0,0,2339,0,0
H27371,4,790,12259,0,0,12,3701,16859,0,4644,0,4,0,1640,0,0
H27372,2,1217,9263,0,0,259,1133,14360,15,1080,0,0,0,6979,9,0
H27373,12,535,2993,0,0,1,1770,20304,0,8470,0,2,2,2579,0,0
H27375,5,816,15429,0,0,4,195,15150,0,554,0,2,0,4564,0,0
H27376,1,71,17129,0,15,2,199,7665,0,1196,0,0,4,4203,0,0
H27378,2,68,8416,0,1,0,555,14922,0,3095,0,2,38,161,0,0
H27379,9,50,4235,0,23,0,1070,8353,0,1769,0,11,0,32832,0,1
H27380,1,213,4655,0,3,39,373,11816,0,2708,6,0,0,3022,0,2
H27381,19,283,12675,0,0,9,512,12429,0,235,0,5,0,499,0,1
H27382,3,616,4096,6,0,3,137,4105,0,711,0,0,0,11750,0,1
H27383,4,245,8136,0,0,0,56,13454,0,74,0,2,0,76,0,0
H27384,9,384,6862,0,195,41,2332,9268,0,4759,0,0,1,1063,0,0
H27385,0,57,14845,0,25,3,82,8830,0,1623,0,1,10,1214,0,0
H27386,11,95,4036,0,0,36,696,13550,0,10623,0,0,0,1259,0,0
H27388,4,1024,5575,3,0,31,1600,12283,0,30,0,0,0,6038,18,0
H27390,2,169,9195,0,0,293,5283,9874,0,290,0,2,0,161,1,0
H27391,0,130,8815,0,0,3,1328,8579,0,7126,0,0,4,447,0,0
H27394,29,861,5439,0,0,5,2001,12885,0,2807,0,4,0,219,0,0
H27395,8,90,9606,4,17,310,2435,14092,0,4764,0,4,4,2629,2,0
H27396,5,229,4821,0,28,0,656,15620,0,284,0,1,0,80,0,1
H27398,11,106,15040,5,0,9,1001,9133,0,380,0,18,0,755,0,0
H27399,0,172,10704,2,0,13,1339,11815,0,373,0,0,0,43,0,0
H27401,6,169,3421,0,21,11,1133,18476,0,412,0,12,2,157,0,0
H27402,74,1846,6775,10,1,67,717,18377,0,8790,0,15,0,3126,0,0
H27405,2,180,16561,0,0,0,328,9302,0,118,0,8,0,7857,0,0
H27408,25,22,5751,18,0,1,808,9929,0,3103,0,0,0,335,0,0
H27409,13,45,40,0,1,0,1404,8044,0,289,0,0,11,27320,0,1
H27411,14,198,12519,1,1,47,904,13974,57,366,1,2,0,2442,9,0
H27413,6,99,3620,0,13,28,261,17465,0,1263,0,6,0,567,0,0
H27414,4,69,7716,15,3,52,1289,11511,0,63,0,0,0,378,0,0
H27417,8,284,23515,0,0,183,290,17950,0,756,0,1,0,502,1,0
H27419,25,1209,14394,0,0,42,1170,10228,0,214,217,3,0,10642,3,4
H27420,6,112,1845,0,0,21,283,7189,0,11820,0,0,0,79,0,0
H27421,3,52,12350,0,78,159,503,8128,0,2167,0,3,0,129,2,0
H27423,5,45,15316,0,0,42,311,10331,0,1182,0,7,0,138,0,0
H27424,7,316,7436,0,25,64,2352,15015,11,1586,0,0,0,351,0,1
H27425,95,2303,7311,0,0,19,408,15332,0,89,0,43,0,10460,0,3
H27427,8,233,18477,0,0,28,941,6932,0,1379,1,0,1,7197,0,2
H27428,3,109,9832,10,0,3,615,4643,0,10692,1,1,0,39,0,3
H27429,1,495,6539,0,256,0,144,11354,0,9754,0,1,0,3769,0,0
H27430,9,450,9729,10,14,0,2238,10192,0,285,3,0,10,12318,0,4
H27431,41,160,5062,0,5,0,1707,12594,0,4200,15,0,5,5114,0,4
H27432,0,144,11749,0,0,370,1648,10568,16,1424,0,2,0,2380,0,1
H27435,14,57,3336,0,6,0,191,3844,0,2510,0,1,2,27200,0,0
H27436,4,126,5163,0,0,102,1242,11674,3,4186,0,0,0,118,0,0
H27437,1,100,12386,0,0,24,172,9429,10,2529,2,1,0,1031,1,0
H27438,122,881,393,11,0,0,7631,2583,0,309,0,0,56,5704,0,0
H27439,1,28,11127,0,0,53,158,10331,13,1043,0,0,0,1468,0,1
H27888,26,20,6855,0,0,1,802,4938,0,6212,0,26,97,671,0,1
H27890,14,108,5360,3,0,1,674,3832,0,3557,0,2,0,2684,0,0
H27892,33,43,12010,1,30,0,703,5915,0,1389,0,2,0,757,0,1
H27893,0,2,2049,0,0,1,83,4955,0,1643,0,0,0,20,0,1
H27894,6,138,978,0,0,1,245,7322,0,645,0,0,0,32,0,1
H27898,0,91,8510,9,66,8,629,7370,16,136,0,1,0,113,0,0
H27899,1,136,11807,0,0,7,532,5982,1,3362,0,0,1,101,0,0
H27900,30,124,36582,0,7,1,836,8550,0,1170,0,0,0,5608,0,2
H27901,8,121,505,0,0,0,5109,5052,0,319,17,1,0,8421,0,1
H27902,3,39,2840,0,46,9,787,5489,0,4167,0,0,0,156,0,1
H27904,2,534,7302,0,0,3,1469,4488,0,2317,0,0,0,5784,0,2
H27905,3,19,3411,0,0,0,279,3132,0,1408,5,0,0,90,0,1
H27907,5,78,8884,0,11,4,995,11967,16,496,0,0,0,308,0,1
H27908,16,87,5117,0,9,14,2202,12549,0,5557,37,0,0,205,0,0
H27909,34,267,9920,0,67,64,744,10223,0,503,0,0,0,700,0,0
H27910,45,63,10426,0,8,0,705,9024,0,3510,0,0,0,10347,0,1
H27913,14,897,10925,0,0,28,445,9089,0,8139,0,4,1,570,4,0
H27914,0,6,2263,0,0,11,39,3181,1,685,0,0,0,1677,0,0
H27915,3,77,10179,0,0,23,145,5626,0,225,0,0,0,27,0,0
H27918,0,15,6507,0,200,17,260,6211,7,555,0,0,2,822,0,1
H27922,0,20,2880,0,19,0,57,4166,0,34,0,0,0,31,0,1
H27923,11,47,7110,0,0,32,361,7833,0,1984,0,0,0,444,0,1
H27925,6,731,7107,0,7,156,743,7333,0,2241,0,0,0,630,0,1
H27928,15,503,4415,2,16,18,656,4872,0,42,0,1,2,722,0,1
H27929,2,65,4057,0,0,2,365,4346,1,563,0,0,0,1974,0,0
H27930,4,204,4509,0,0,25,1871,8486,0,1126,0,1,0,8286,9,1
H27931,3,24,9657,0,0,66,1242,5054,0,1441,0,0,0,8420,0,0
H27933,12,13,293,0,0,0,1949,5357,0,1364,0,2,29,5254,0,2
H27934,5,590,9009,1,0,1,1933,9539,15,1699,0,0,0,4944,0,1
H27935,24,1024,2797,0,0,172,1544,4986,0,739,0,8,0,2915,0,1
H27938,1,301,2908,0,0,2,250,7264,0,434,0,0,0,102,1,1
H27939,0,275,8283,0,0,0,505,11462,0,487,0,0,0,1721,0,2
H27940,0,43,13705,15,0,156,68,4515,44,678,8,0,0,798,0,1
H27942,10,399,5277,712,0,0,1029,4566,0,499,0,0,0,4988,0,1
H27947,1,101,12636,0,0,7,440,10854,1,481,0,0,0,581,0,0
H27948,18,120,19246,1,0,0,1362,5184,0,1357,0,0,1,7388,0,1
H27949,2,18,11900,0,0,140,246,6757,0,728,0,0,4,4944,0,0
H27955,43,592,1422,0,22,0,583,17814,0,8460,0,0,8,69,0,1
H27956,2,124,4997,0,169,19,359,6942,0,1227,0,6,0,1877,0,1
H27957,2,305,6626,0,15,10,664,11993,0,444,0,0,0,1984,0,0
H27958,2,317,6113,0,8,85,899,11297,14,3496,0,0,0,889,1,0
H27959,6,59,11034,0,0,29,90,5070,0,279,10,0,0,848,0,1
H27960,7,54,2340,5,0,1,167,4214,3,1135,0,0,0,592,0,1
H27961,0,49,8662,0,0,2,66,2563,0,204,0,0,0,469,0,0
H27964,2,420,7657,0,0,2,83,8545,32,405,0,3,0,78,0,1
H27966,20,1073,5621,0,0,2,1413,13875,0,7507,0,0,0,25,0,1
H27967,0,31,10607,0,0,23,246,2821,0,0,0,0,0,334,0,1
H27968,2,59,1740,0,0,14,360,4696,0,4351,0,3,0,432,0,0
H27969,7,96,6980,0,90,5,689,6329,0,104,0,0,0,92,0,1
H27970,2,41,5541,0,64,8,149,4451,1,232,0,0,0,63,0,2
H27971,0,324,9159,4,23,21,273,3434,0,853,0,2,2,2886,3,1
H27972,7,103,9311,17,155,16,455,9117,14,53,0,0,0,1444,1,1
H27973,4,758,2986,0,0,2,1466,5786,0,2460,0,3,0,82,0,2
H27978,5,69,15218,0,39,17,1725,12178,0,1419,0,0,2,1650,0,1
H27980,0,130,4412,0,0,11,1288,11333,5,2072,0,0,0,436,0,0
H27981,0,45,12361,0,0,79,51,1616,0,6718,0,0,0,142,0,1
H27984,1,99,7860,0,44,4,385,6224,0,230,0,0,0,340,0,0
H27985,5,157,9136,2,0,18,1447,5233,2,372,0,0,0,123,0,2
H27986,7,247,16459,0,0,6,691,5457,0,3899,0,0,0,478,0,0
H27987,0,86,8850,0,0,0,879,12769,18,3536,0,0,0,3468,0,1
H27988,4,36,9508,1,0,10,351,4032,0,100,15,3,0,1040,0,0
H27989,2,734,12061,0,0,278,3052,7725,15,254,0,0,0,192,0,0
H27991,1,57,2600,0,4,0,291,8305,0,1720,0,0,0,102,0,0
H27993,0,229,9843,0,37,21,1091,16986,28,940,0,0,0,1362,0,0
H27994,0,214,9166,0,0,177,4393,6316,0,3423,0,11,0,9323,0,1
H27996,2,35,13273,0,1,32,44,3215,54,1457,0,0,0,2922,0,1
H27997,11,502,12879,0,0,120,860,11041,28,135,0,0,0,1520,0,1
H27999,37,1117,11453,0,0,14,732,26808,0,819,0,0,0,780,0,0
H28000,1,71,14342,0,6,6,460,8827,37,678,0,3,0,124,0,0
H28001,12,379,12702,0,0,0,917,12214,0,591,0,0,0,2293,0,0
H28002,1,62,11536,1,15,12,286,10943,0,2622,0,0,0,1643,2,1
H28003,2,1237,3139,0,9,0,2461,16334,0,141,0,8,0,304,0,1
H28004,0,32,9115,0,14,19,1117,9576,0,350,0,0,0,243,0,1
H28005,0,108,5553,0,182,7,1333,10586,0,632,0,0,0,540,69,1
H28006,0,184,11291,0,18,4,221,6347,0,698,0,0,0,19,12,1
H28007,26,94,904,0,0,0,468,13656,0,80,0,0,0,39,0,0
H28008,0,109,20170,0,0,0,202,9196,0,110,0,0,12,25,0,0
H28009,55,878,5506,0,0,13,2345,20583,0,1398,0,7,0,521,0,1
H28010,11,1107,5389,9,0,4,2677,17453,0,524,0,0,0,199,0,1
H28011,106,0,16722,0,0,0,3162,2503,0,78,4,0,0,13685,0,0
H28012,4,82,15333,0,29,18,5432,9511,32,2089,0,3,0,447,0,1
H28013,13,844,12109,0,0,5,380,16909,0,5707,0,3,0,1089,1,1
H28014,4,745,9782,0,0,21,716,10341,0,277,0,0,0,134,2,1
H28016,24,1240,4811,0,139,0,795,15730,2,749,0,0,0,3009,0,0
H28017,2,38,16202,0,0,8,160,17309,0,245,0,1,7,1595,0,0
H28018,48,334,12600,9,26,5,725,21196,0,147,0,0,0,78,0,1
H28019,4,415,11216,0,0,0,868,17661,0,171,3,0,1,101,0,2
H28020,2,50,10653,0,140,230,503,8309,0,1999,0,2,4,13109,0,0
H28021,23,226,13278,0,0,0,403,15972,0,7906,0,17,0,1780,0,1
H28023,23,282,4354,0,0,2,231,7187,0,1781,0,0,0,13588,0,1
H28027,1,134,9559,0,0,0,2226,21122,17,5996,0,0,1,1079,0,1
H28028,17,192,11697,0,0,7,526,8901,0,163,4,0,2,12719,0,1
H28029,0,3544,1132,0,0,0,767,16740,0,16292,0,4,0,3959,0,1
H28032,1,25,8336,2,0,6,228,11070,2,1208,0,0,0,237,0,0
H28033,13,38,15772,0,108,12,1325,25642,25,2892,0,0,8,2569,0,0
H28036,1,45,19043,0,686,23,532,14550,2,3510,0,2,2,2148,0,1
H28037,4,19,8620,0,0,0,958,10264,0,13241,0,0,0,5193,0,1
H28038,0,17,9633,0,1,0,386,4159,0,222,0,0,0,12430,0,1
H28039,4,114,11223,13,37,2,155,14748,5,1077,0,0,0,622,0,1
H28040,11,561,5888,0,0,0,177,7999,0,15675,0,0,0,5202,0,1
H28041,13,53,5960,0,0,0,708,3102,0,1622,0,0,0,15973,0,1
H28042,5,546,10674,0,0,653,823,10830,0,7372,0,7,0,19958,0,1
H28043,0,848,16083,0,0,0,949,16818,0,488,0,7,0,139,1,0
H28044,3,140,7397,0,0,0,173,11760,0,2118,0,0,0,116,0,4
H28046,75,3138,3303,0,0,8,1895,10701,0,96,0,12,0,90,0,3
H28047,14,697,1185,0,0,49,294,8499,0,4759,9,6,0,2207,0,1
H28050,14,208,2256,4,54,2,1996,19603,0,1194,0,0,0,3859,0,0
H28996,4,268,7817,1,0,28,2187,5748,0,2660,0,3,0,159,0,1
H28997,12,449,3389,1,19,14,1411,17943,15,21,0,5,2,302,0,1
H28998,43,773,6529,0,27,2,3497,12712,0,7723,2,0,0,72,0,0
H28999,164,1028,2695,0,5,36,1023,12723,0,1598,0,4,1,1307,2,0
H29000,16,275,21200,0,9,270,142,11368,16,4151,0,0,0,381,0,1
H29001,51,1125,15674,0,0,47,925,17429,0,181,0,1,0,167,0,1
H29002,7,2543,19889,0,33,312,1062,12848,0,4290,0,0,1,888,0,0
H29009,51,2288,6790,0,0,101,487,10374,0,2032,0,5,2,406,0,0
H29010,2,253,10256,0,0,0,748,5124,0,1523,6,0,0,161,0,0
H29011,3,408,6990,0,65,68,299,11437,0,1503,0,4,0,1686,1,1
H29012,11,788,10493,0,23,81,889,10230,0,149,0,5,0,865,0,1
H29013,7,1671,10466,0,32,130,3057,27211,0,37,0,2,2,22,0,1
H29014,17,342,23559,0,0,0,2271,18346,6,2672,1,2,0,2104,0,1
H29044,131,777,6236,0,0,15,1162,16654,0,694,0,0,0,903,0,4
H29071,49,104,3579,0,0,35,941,12987,0,103,1,1,0,48470,0,0
H29072,42,327,18459,0,0,47,324,16478,6,16842,3,3,1,14585,1,1
H29075,4,21,5170,0,0,124,34,2134,0,1170,0,1,0,505,0,0
H29076,11,1297,3545,1,8,141,606,4302,0,4224,0,0,0,4864,0,1
H30892,15,44,5051,0,0,0,131,6912,0,43,0,0,0,4957,0,1
H30893,0,50,4552,3,0,29,496,6162,3,369,0,0,0,213,6,3
H30894,0,123,4694,0,0,12,518,11032,0,6799,0,1,0,7733,8,1
H30899,49,1289,3613,0,16,4,2136,8626,0,57,0,8,0,9403,0,1
H30909,10,431,1397,0,0,5,529,5431,0,588,0,5,0,5479,0,1
H30911,1,92,14065,0,211,0,132,4105,0,8,0,7,0,202,0,1
H30916,11,1016,9211,0,0,11,1121,6123,0,14,0,0,0,3659,0,0
H30917,8,447,8961,0,0,1,646,4531,0,1634,0,0,0,2120,0,0
H30922,7,641,16807,0,0,3,1465,18542,0,296,0,4,1,979,0,1
H30923,7,1186,6321,0,10,14,3731,16482,0,427,0,3,0,2208,0,1
H30924,1,235,10059,0,0,0,1074,9872,5,768,0,0,6,3433,2,0
H30929,34,2267,2898,1,0,0,3510,13184,0,39,0,4,0,9,0,1
H30931,36,231,2476,4,9,24,14359,7848,0,133,0,8,4,264,0,0
H30932,16,161,5941,0,6,0,2661,11621,0,90,0,1,4,3564,2,0
H30935,18,128,5589,0,0,0,2051,10285,0,542,0,0,0,118,0,1
H30937,31,1100,7225,0,17,9,2474,9514,3,123,0,0,0,10996,11,0
H30938,64,767,5072,0,0,6,3321,19292,0,591,0,10,10,305,0,1
H30939,49,1208,6502,4,0,0,5591,7295,0,272,0,14,0,6350,0,0
H30940,213,2935,1221,2,49,4,1857,13440,0,264,2,56,0,847,0,1
H30941,117,1683,261,1,11,70,1294,9699,0,3604,0,6,0,13208,0,1
H30944,21,638,2330,0,0,1,5569,10854,0,42,0,0,0,20025,0,0
H30945,5,348,6585,0,0,0,2126,16767,0,210,0,0,0,1406,0,0
H30946,22,1230,3883,0,140,9,2860,14336,0,52,0,16,0,141,0,1
H30949,386,1869,2485,0,4,3,2502,15016,0,85,0,51,0,92,0,0
H30950,61,1124,1160,0,90,3,2317,16504,0,24,0,50,2,1890,0,0
H30956,6,17,3121,0,0,3,6957,2715,0,12,0,14,0,21224,0,0
H30957,24,283,1096,0,43,191,879,17092,0,183,0,0,0,1233,0,0
H30958,9,144,4442,0,53,0,4409,15826,0,567,0,18,0,138,0,2
H30960,7,101,5983,0,0,12,781,5650,2,1666,0,1,2,2050,28,0
H30963,109,923,2673,0,0,16,8570,9237,0,125,0,0,9,509,0,0
H30964,5,175,17881,0,0,4,508,8484,0,339,0,0,0,9928,7,1
H30966,0,120,6142,0,13,6,312,8615,3,8115,0,0,0,1279,0,0
H30968,31,494,10224,0,0,99,315,4689,0,842,0,0,0,4449,0,0
H30971,12,1243,3492,0,0,3,1195,15914,0,665,2,2,0,204,0,1
H30973,11,488,5085,5,0,15,2176,10982,0,124,0,0,0,87,13,0
H30980,8,245,7407,1,6,35,947,4807,0,366,0,2,0,744,0,0
H30981,9,1131,5787,0,60,21,284,11587,0,4867,0,0,0,98,0,1
H30987,4,308,9543,0,0,19,287,6496,0,1476,0,5,0,104,0,1
H30990,8,77,6238,0,0,41,770,5493,0,98,0,2,1,3819,0,1
H30991,7,204,10876,3,0,23,386,9093,0,418,0,0,0,3298,0,1
H30992,2,19,14783,1,0,8,116,7648,0,2609,0,0,0,940,1,1
H30994,9,21,11750,0,0,74,348,5960,0,301,0,1,0,4121,0,1
H30996,24,828,2279,0,3,65,351,11840,0,410,5,2,0,1558,0,1
H30999,8,270,12561,0,4,13,245,9314,22,2220,0,0,0,9798,0,1
H31000,12,252,16517,0,108,13,1263,12480,18,923,0,0,0,713,0,1
H31002,2,167,9925,0,10,103,382,8119,0,283,0,0,0,1327,0,0
H31011,10,196,9422,0,0,19,298,5975,3,1053,0,0,0,17822,2,1
H31012,6,195,12292,0,1,8,360,5712,26,121,0,0,0,124,0,1
H31014,15,1204,19587,0,120,26,2801,14025,0,28,0,0,0,349,0,1
H31015,33,1509,8061,0,47,9,1737,7896,0,2045,1,0,0,1336,1,3
H31016,46,197,23407,0,14,180,1430,13709,0,3588,0,0,6,128,38,1
H31017,58,679,10070,0,0,11,399,8002,0,1524,200,8,0,4402,0,0
H31018,4,202,14392,0,215,60,441,6563,11,351,0,2,0,275,0,0
H31020,18,688,9838,0,0,203,782,5914,0,598,1,3,0,221,0,0
H31023,35,575,20362,0,89,31,691,8986,15,160,0,0,0,173,0,1
H31024,34,1186,20705,0,0,32,463,8590,0,2285,2,0,0,403,0,0
H31029,8,57,14547,0,0,0,452,5163,0,298,0,0,0,34394,0,1
H31031,10,345,8241,0,0,0,239,5785,0,1076,0,2,0,1316,0,0
H31032,8,53,15611,0,0,0,537,5623,0,383,0,1,0,10319,0,1
H31033,11,189,16413,1,23,46,682,4816,2,2571,1,0,0,618,0,0
H31036,61,1168,11000,0,0,79,919,14535,0,220,0,1,3,84,0,1
H31038,19,248,13340,0,160,20,418,7739,0,7715,0,0,1,1097,0,0
H31039,2,285,14563,0,35,36,109,9830,20,515,0,0,0,391,0,1
H31043,26,555,10833,0,0,0,1218,4920,0,1429,0,3,1,17856,0,0
H31044,16,216,15869,0,0,0,717,7946,0,1200,0,3,0,2051,0,1
H31046,9,34,10647,0,0,0,82,8962,0,516,0,0,0,1533,0,1
H31048,8,95,10033,0,213,6,478,7855,0,265,0,0,3,278,4,1
H31050,35,719,14656,0,0,53,629,9943,0,173,0,1,0,186,0,0
H31060,63,545,10931,0,0,0,1071,7857,0,3501,0,1,0,1561,1,1
H31074,11,442,4283,5,0,44,639,15121,2,99,2,1,0,3571,3,1
H31077,0,82,7829,0,0,4,328,4640,0,775,0,0,0,704,0,4
H31079,0,134,8373,1,0,6,356,4933,13,580,0,0,2,621,1,0
H31082,5,216,5183,1,52,97,1247,6345,1,408,1,4,2,1098,0,3
H31083,0,792,7182,0,0,0,1006,7997,0,753,0,1,0,343,0,0
H31085,3,238,5428,0,0,29,655,7837,0,1879,0,0,0,2378,0,0
H31087,38,753,6430,1,39,29,966,6989,0,1156,0,0,0,8431,0,0
H31090,3,666,12653,3,0,105,5247,6599,29,345,0,1,0,607,5,2
H31091,2,215,7100,0,50,57,154,5585,0,989,2,1,3,1173,6,0
H31093,0,135,6471,0,19,75,528,5849,15,217,2,2,1,1584,0,0
H31094,15,112,8271,1,0,41,263,9784,0,2391,0,2,0,3170,0,1
H31095,0,15,10685,0,0,49,255,4285,0,1873,0,0,0,1646,0,1
H31098,0,0,9,0,0,0,1,3,0,0,1,0,0,5,0,1
H31102,46,1000,4873,2,0,0,3179,6141,0,2844,3,12,2,2447,0,1
H31105,1,1128,6898,0,0,0,562,8629,0,8336,0,0,0,952,0,0
H31107,3,57,11350,0,20,83,190,5481,6,90,0,2,0,2720,2,1
H31109,1577,591,10149,0,0,97,1805,9075,0,17,0,4,0,1315,0,2
H31110,5,226,12346,0,58,0,852,11238,0,169,0,1,0,30,0,1
H31115,25,351,3920,0,79,4,1100,11350,0,7954,2,24,0,3937,26,1
H31116,4,302,12494,0,19,8,1488,10046,4,259,0,1,0,149,1,1
H31118,2,47,11040,0,35,81,122,9065,0,1712,0,0,0,1693,2,1
H31120,2,163,13761,0,0,484,794,6018,0,352,0,0,0,2838,0,0
H31122,2,285,14555,1,0,61,1211,5895,0,1041,39,0,0,19503,0,3
H31123,11,468,11563,2,4,0,675,7891,0,328,0,0,1,1315,0,1
H31125,19,361,8515,0,0,102,2170,8202,3,132,0,0,0,5211,0,1
H31126,0,33,12138,2,821,1,268,4695,0,2399,1,2,0,1602,1,0
H31130,15,200,13830,23,19,15,149,7489,0,142,1,0,0,10544,4,1
H31135,3,1540,11253,1,0,29,325,14536,50,619,0,0,1,453,0,1
H31136,16,830,9861,0,6,27,3052,11649,15,982,0,1,2,591,6,1
H31149,14,578,7294,2,0,0,2547,10272,0,98,0,12,2,540,1,0
H31150,7,586,10549,0,0,0,362,8102,0,209,0,2,0,288,3,0
H31162,6,685,4692,0,0,172,975,10983,1,923,0,0,1,16703,2,3
H32726,24,325,10197,0,0,10,5211,6162,0,1299,1,0,0,15773,0,1
H32727,16,410,4899,0,0,0,8381,7646,0,3129,0,1,2,92,0,3
H32730,9,401,5275,0,37,2,1345,5562,0,411,0,3,0,13964,0,1
H32736,25,284,16151,2,45,32,889,8831,3,529,4,0,0,17871,11,1
H32742,29,536,4730,0,0,58,617,7405,0,5499,0,19,0,3926,2,1
H32746,56,593,10541,2,0,16,1351,5574,0,594,6,0,2,13333,0,1
H32748,6,246,12433,0,28,53,212,6339,3,1354,0,0,0,2214,2,1
H32753,13,1224,5390,0,0,48,2563,9279,0,3540,0,9,0,2627,0,2
H32761,10,1905,5524,0,0,20,4052,10569,3,185,1,0,0,9339,0,4
H32766,764,889,8141,0,65,12,863,6755,2,732,0,2,0,14380,0,1
H32770,9,56,3827,0,0,12,912,4780,0,602,2,0,0,6132,0,1
H32772,3,493,11985,2,0,228,579,7169,0,1461,0,0,0,1142,2,0
H32773,27,687,6030,0,0,60,1053,4334,0,3238,0,1,0,3056,0,2
H32774,14,635,3037,0,0,1,5492,11095,1,1086,0,3,0,288,1,1
H32775,25,637,11937,0,0,0,652,9216,0,2681,0,0,0,202,0,0
H32776,50,92,11067,0,0,13,515,9155,2,2633,0,0,2,353,0,3
H32777,16,1218,3814,0,7,0,702,7859,0,1754,3,10,1,35,0,1
H32780,7,314,7165,0,2,14,1012,10318,1,2731,0,1,2,1396,0,0
H32781,0,250,15200,0,0,2,692,7024,23,209,0,6,0,2793,0,1
H32784,1,193,6757,0,8,92,568,7618,12,1504,0,1,0,2176,0,0
H32787,20,544,8070,4,8,0,579,8325,0,658,0,2,2,4697,0,0
H32788,8,219,16760,24,0,49,1163,7677,0,2808,0,1,0,1981,0,0
H32791,10,502,10040,2,0,166,242,8412,0,488,3,0,0,2202,0,1
H32792,0,125,10732,0,26,111,153,5074,0,113,0,0,1,679,0,1
H32794,17,816,8674,0,0,1178,2811,11472,0,6039,0,1,1,965,0,1
H32795,16,307,15786,0,0,5,262,7319,0,3549,0,2,0,3284,0,1
H32796,28,328,11194,0,18,167,489,8982,8,1058,0,3,0,1770,0,1
H32798,20,83,15821,0,0,0,697,2025,0,31,0,0,0,1417,0,1
H32800,6,327,7356,0,5,26,463,5739,11,234,0,0,0,898,0,1
H32802,30,424,11095,0,0,14,823,4831,0,3593,0,0,0,264,0,1
H32805,1,61,9275,0,1,8,75,3930,6,1634,0,0,0,90,0,1
H32808,31,145,6973,0,0,0,2218,11301,0,1949,0,0,0,1699,0,1
H32809,13,202,5710,0,1,23,1702,6798,5,1104,0,0,2,13669,0,4
H32810,46,1213,5805,0,0,4,1591,7670,0,1717,0,4,0,145,0,0
H32811,6,316,3174,0,16,3,3264,8210,0,489,0,0,0,129,0,1
H32812,21,209,7522,0,0,76,863,7867,0,897,1,6,0,1839,0,0
H32815,8,125,13804,0,0,5,324,6316,0,802,0,0,0,181,0,0
H32817,0,23,9886,0,0,3,109,4332,0,2378,0,0,0,124,0,0
H32821,1,72,15658,0,26,57,695,5605,8,441,0,1,0,39,0,0
H32824,27,1098,1013,0,0,78,4471,7500,0,6,0,0,6,899,0,0
H32826,20,840,711,0,0,0,3138,6149,0,21,0,1,0,40,0,0
H32911,19,1968,7353,0,477,8,7591,10960,0,433,0,12,3,693,0,0
H32915,34,3290,9667,0,0,10,2619,10681,0,562,43,0,0,14053,0,0
H32924,1,689,10020,0,0,9,911,6718,0,897,0,0,0,377,0,1
H34086,13,405,10400,19,0,73,2095,5585,0,830,3,1,0,1106,0,1
H34087,160,748,1764,0,0,8,5159,9530,0,3550,40,52,0,655,0,1
H34095,16,1034,7956,1,0,0,2343,10751,0,95,0,0,0,248,0,0
H34096,32,608,7666,0,0,5,2744,7158,0,450,0,9,0,7396,0,2
H34099,148,818,4340,0,5,3,509,6584,5,637,0,2,0,4973,2,1
H34106,11,451,8058,0,10,260,389,5042,8,55,2,0,15,6215,3,2
H34111,4,365,2515,0,18,3,1102,9650,0,1877,0,5,0,1769,0,0
H34112,17,180,7711,0,0,0,1902,7754,0,3871,0,0,1,1581,0,3
H34113,68,373,5666,0,128,2,1735,12533,0,387,103,10,0,305,6,3
H34119,15,390,3194,0,99,1,3296,7524,0,4712,0,1,2,267,6,0
H34125,29,855,3046,5,0,14,2033,11949,0,375,8,1,0,1700,0,1
H34140,10,866,3825,0,0,68,1494,6572,0,22,0,2,0,9553,0,1
H34143,2,120,7979,1,3,9,915,9428,7,175,0,0,0,4691,5,0
H34151,58,888,1906,1,0,9,3661,15208,0,35,0,6,15,722,0,2
H34153,30,185,11490,0,0,11,2092,6959,0,114,58,5,0,1749,5,1
H34155,8,198,3507,1,29,16,441,6410,0,539,0,0,0,825,0,1
H34165,10,188,3481,0,211,41,1933,3196,0,1952,0,0,0,6073,0,1
H34166,7,2387,8327,0,0,1,277,7513,0,3176,0,1,2,118,1,0
