0,1,2,3,4,5,6,7,8,9,10,11,12,13,14,15,16,17,18,19,20,21,22,23,24,25,26,27,28,29,30,31,32,33,34,35,36,37,label
0,0,0,0,3,132,0,15812,0,0,0,0,0,0,0,0,0,0,0,396,8107,0,0,0,3109,0,0,1,0,0,33,1,3982,0,0,0,0,0,0
0,0,0,0,5,3,0,5578,0,0,0,0,0,0,2,0,0,0,0,215,3230,0,0,0,3487,0,0,0,0,0,0,0,1721,0,0,0,0,0,0
0,0,0,0,4,306,0,9931,0,0,0,0,1,0,2,0,0,0,0,724,8922,1,2,0,193,0,0,0,0,0,1,0,218,0,0,0,2,0,0
0,0,0,0,51,2288,0,6790,0,0,0,0,0,0,101,0,0,0,0,487,10374,0,2,0,2032,0,0,0,0,0,5,2,406,0,0,0,0,0,0
0,0,0,0,8,68,0,8238,0,0,0,0,0,0,0,0,0,0,0,672,7015,0,0,0,2113,0,0,0,0,0,0,0,1150,0,0,0,0,0,0
0,0,0,0,2,62,0,5817,0,0,0,0,16,0,58,0,0,0,0,178,3805,0,1,0,1326,0,0,0,0,0,1,0,215,0,0,0,0,0,0
0,0,0,0,3,113,0,12454,0,0,0,0,40,0,13,0,0,0,0,166,5004,0,2,0,5620,0,0,0,0,0,0,0,181,0,0,0,0,2,0
0,0,0,0,10,336,0,6872,0,0,0,0,1,0,61,0,0,0,0,185,2940,0,0,0,2696,0,3,0,0,0,0,0,1676,0,0,0,0,17,0
0,0,0,0,10,345,0,8241,0,0,0,0,0,0,0,0,0,0,0,239,5785,0,0,0,1076,0,0,0,0,0,2,0,1316,0,0,0,0,0,0
0,0,0,0,1,177,0,7754,0,0,0,0,0,0,26,0,0,0,0,134,2379,0,4,0,3813,0,0,0,0,0,0,0,1898,0,0,0,0,3,0
0,0,0,0,7,56,0,5208,0,0,0,0,20,0,7,0,0,0,0,477,10789,0,0,0,2128,2,0,0,0,0,0,0,405,0,0,0,0,0,0
0,0,0,0,42,622,0,5246,0,0,0,0,0,0,0,0,0,0,0,823,6583,0,0,0,128,0,0,0,0,0,7,3,1553,0,0,0,0,0,0
0,0,0,0,121,208,0,5513,0,0,4,0,0,0,1,0,0,0,0,230,3194,0,0,0,25,2,0,0,0,0,0,0,6092,0,0,0,0,0,0
0,0,0,0,8,126,0,5868,0,0,1,0,3,0,0,0,0,0,0,479,7653,0,3,0,8,0,0,0,0,0,0,0,1682,0,0,0,0,0,0
0,0,0,0,0,1027,0,4996,0,0,0,0,46,0,282,0,0,0,0,101,4262,0,0,0,903,0,0,0,0,0,2,0,441,0,0,0,0,0,0
0,0,0,0,7,123,0,3474,0,0,28,0,0,0,0,6,0,0,0,2678,10155,0,0,0,204,0,0,0,0,0,0,1,912,0,0,0,0,0,0
0,0,0,0,16,103,0,6285,0,0,0,0,25,0,31,0,0,0,0,1091,8872,0,0,0,607,0,0,0,0,0,0,1,74,0,0,0,0,0,0
0,0,0,0,8,90,0,9606,0,0,4,0,17,0,310,0,0,0,0,2435,14092,0,0,0,4764,0,0,0,0,0,4,4,2629,0,0,0,0,2,0
0,0,0,0,5,209,0,3639,0,0,0,0,0,0,0,0,0,0,0,76,4063,0,0,0,3069,0,0,0,0,0,0,0,774,0,0,1,0,14,0
0,0,0,0,8,284,0,23515,0,0,0,0,0,0,183,0,0,0,0,290,17950,0,4,0,756,0,0,0,0,0,1,0,502,0,0,0,0,1,0
0,0,0,0,3,180,0,3144,0,0,0,0,0,0,0,0,0,0,0,114,7853,0,0,0,2078,0,0,0,0,0,0,0,96,0,0,0,0,0,0
0,0,0,0,21,17,0,10284,0,0,4,0,0,0,581,0,0,0,0,123,12687,0,0,0,72,0,0,0,0,0,0,0,1205,0,0,0,0,0,0
0,0,0,0,1,1128,0,6898,0,0,0,0,0,0,0,0,0,0,0,562,8629,0,0,0,8336,0,0,0,0,0,0,0,952,0,0,0,0,0,0
0,0,0,0,1940,874,0,7897,0,0,1,0,0,0,44,0,0,0,0,754,5002,0,0,0,303,0,0,0,0,0,0,0,4167,0,0,0,0,0,0
0,0,0,0,11,419,0,15043,0,0,0,0,0,0,6,0,0,0,0,832,12533,0,0,0,2493,0,0,0,0,0,0,0,1704,0,0,0,0,0,0
0,0,0,0,0,5,0,8642,0,0,0,0,0,0,189,0,0,0,0,122,4881,0,0,0,2807,0,0,0,0,0,0,0,2251,0,0,0,0,2,0
0,0,0,0,11,18,0,8853,0,0,0,0,0,0,73,0,0,0,0,161,10236,0,1,0,366,0,0,0,0,0,0,0,9112,0,0,0,0,0,0
0,0,0,0,3,146,0,18128,0,0,1,0,0,0,0,0,0,0,0,1555,8565,0,0,0,4151,0,0,0,0,0,0,0,2160,0,0,0,0,0,0
0,0,0,0,2,38,0,16202,0,0,0,0,0,0,8,1,0,0,0,160,17309,0,0,0,245,0,0,0,0,0,1,7,1595,0,0,0,0,0,0
0,0,0,0,3,70,0,8078,0,0,8,0,0,0,36,0,0,0,0,375,8211,2,2,0,1852,6,3,0,0,0,2,0,592,37,0,0,0,0,0
0,0,0,0,10,252,0,7449,0,0,1,0,4,0,4,0,0,0,0,508,8383,0,0,0,1255,0,0,0,0,0,7,0,591,0,0,0,0,0,0
0,0,0,0,8,454,0,5808,0,0,0,0,0,0,0,0,0,0,0,1553,8623,0,0,0,1058,0,0,0,0,0,6,0,989,0,0,0,0,0,0
0,0,0,0,2,166,0,12931,0,0,0,0,0,0,148,0,0,0,0,246,8498,0,0,0,438,0,0,0,0,0,0,0,404,0,0,0,0,0,0
0,0,0,0,0,63,0,6967,0,0,0,0,0,0,4,0,0,0,0,244,3709,0,0,0,211,0,0,0,0,0,0,0,590,0,0,0,0,0,1
0,0,0,0,11,182,0,681,0,0,0,0,0,0,19,0,0,0,0,556,7106,0,0,0,207,0,0,0,0,0,2,0,25395,0,0,0,0,0,0
0,0,0,0,7,87,0,14029,0,0,0,0,0,0,332,0,0,0,0,49,3658,0,0,0,197,0,0,0,0,0,0,0,450,0,0,0,0,33,0
0,0,0,0,15,318,0,1294,0,0,0,0,0,0,0,0,0,0,0,148,8131,0,0,0,2032,0,0,0,0,0,8,0,1008,0,0,0,0,0,0
0,0,0,0,20,160,0,5968,0,0,0,0,3,0,32,0,0,0,0,305,5772,0,0,0,1526,0,0,0,0,0,0,0,599,0,0,0,0,0,0
0,0,0,0,25,22,0,5751,0,0,18,0,0,0,1,0,0,0,0,808,9929,0,0,0,3103,0,0,0,0,0,0,0,335,0,0,0,0,0,0
0,0,0,0,9,65,0,4320,0,0,0,0,0,0,0,0,0,0,0,1682,10893,0,0,0,1299,0,0,0,0,0,0,0,4722,0,0,0,0,0,0
0,0,0,0,17,552,0,1582,0,0,0,0,2,0,0,0,0,0,0,1251,5767,0,0,0,4786,0,0,0,0,0,0,2,68,0,0,0,0,0,0
0,0,0,0,8,25,0,8266,0,0,0,0,6,0,30,0,0,0,0,81,2393,0,0,0,416,0,0,0,0,0,0,1,249,0,0,0,0,0,0
0,0,0,0,74,1846,0,6775,0,0,10,0,1,0,67,0,0,0,0,717,18377,0,0,0,8790,0,0,0,0,0,15,0,3126,0,0,0,0,0,0
0,0,0,0,12,165,0,2934,0,0,0,0,0,0,164,0,0,0,0,231,3602,1,0,0,482,0,0,0,0,0,2,0,1979,0,0,0,0,3,0
0,0,0,0,6,99,0,3620,0,0,0,0,13,0,28,0,0,0,0,261,17465,0,0,0,1263,0,0,0,0,0,6,0,567,0,0,0,0,0,0
0,0,0,0,12,54,0,8488,0,0,0,0,0,0,0,0,0,0,0,346,6162,0,0,0,1985,0,7,0,0,0,5,0,1264,0,0,0,0,38,0
0,0,0,0,15,16,0,4124,0,0,5,0,1,0,0,0,0,0,0,472,4823,0,0,0,2544,0,3,0,0,0,0,0,507,0,0,0,0,0,0
0,0,0,0,3,153,0,10015,0,0,0,0,0,0,0,0,0,0,0,672,6864,0,0,0,28,0,0,0,0,0,0,0,10,0,0,0,0,0,0
0,0,16,0,109,923,0,2673,0,14,0,0,0,0,16,0,0,0,0,8570,9237,0,0,0,125,0,0,0,0,0,0,9,509,0,13,0,0,0,0
0,0,0,0,159,594,0,1898,0,0,0,0,0,0,0,0,0,0,0,3391,4907,0,0,0,280,0,0,0,0,0,24,7,13279,0,0,0,0,0,0
0,0,0,0,15,315,0,4452,0,0,0,0,0,0,14,0,0,0,0,2369,5721,0,0,0,105,0,0,0,0,0,0,0,1818,0,0,0,0,2,0
0,0,0,0,0,101,0,14793,0,0,0,0,103,0,178,0,0,0,0,836,8326,0,0,0,1970,0,0,0,0,0,0,0,4101,0,0,0,0,3,0
0,0,0,0,3,99,0,7077,0,0,0,0,0,0,61,0,0,0,0,523,3570,0,0,0,82,0,0,0,0,0,0,0,3065,0,0,0,0,0,0
0,0,0,0,5,348,0,6585,0,0,0,0,0,0,0,0,0,0,0,2126,16767,0,0,0,210,0,0,0,0,0,0,0,1406,0,0,0,0,0,0
0,0,0,0,4,86,0,5230,0,0,0,0,0,0,0,0,0,0,0,815,3937,0,0,0,2097,0,0,0,0,0,1,0,979,0,0,0,0,0,0
0,0,0,0,15,390,0,3194,0,0,0,0,99,0,1,0,1,0,0,3296,7524,0,0,0,4712,0,0,0,0,0,1,2,267,0,0,0,0,6,0
0,0,0,0,12,386,0,2098,0,0,0,0,9,0,726,0,0,0,0,838,5326,0,0,0,26,0,0,0,0,0,0,0,11975,0,0,0,0,2,0
0,0,0,0,31,914,0,3618,0,0,0,0,0,0,41,0,0,0,0,1853,9489,0,0,0,3266,0,0,0,0,0,0,0,1594,0,0,0,0,0,0
0,0,0,0,8,86,0,6743,0,0,0,0,0,0,13,0,0,0,0,5123,10423,0,4,0,172,0,0,0,0,0,16,0,100,0,0,0,0,1,0
0,0,0,0,9,288,0,12807,0,0,0,0,0,0,45,0,0,0,0,200,6376,0,0,0,165,3,6,0,0,0,3,0,87,0,0,0,0,0,0
0,0,0,0,4,369,0,5741,0,0,1,0,0,0,0,0,0,0,0,517,6759,0,0,0,432,0,0,0,0,0,0,0,2764,0,0,0,0,0,1
0,0,0,0,7,48,0,4789,0,0,0,0,0,0,0,0,0,0,0,33,7437,0,0,0,11059,0,0,0,0,0,2,0,48,0,0,0,0,0,0
0,0,0,0,26,94,19,904,0,0,0,0,0,0,0,0,0,0,0,468,13656,0,0,0,80,0,0,0,0,0,0,0,39,0,0,0,0,0,0
0,0,0,0,0,2,0,4451,0,0,0,0,9,0,70,0,0,0,0,53,4556,0,0,0,1157,0,0,0,0,0,0,0,375,0,0,0,0,0,0
0,0,0,0,8,140,0,8587,0,0,0,0,0,0,95,0,0,0,0,1782,7981,14,0,0,2518,0,1,0,0,0,2,0,6821,0,1,0,0,5,0
0,0,0,0,8,118,0,4498,0,0,0,0,0,0,0,0,0,0,0,88,4038,0,0,0,2274,0,0,0,0,0,0,0,1249,0,0,0,0,0,0
0,0,0,0,3,175,0,10992,0,0,0,0,0,0,0,0,0,0,0,1116,9251,0,0,0,736,0,0,0,0,0,0,0,1656,0,0,0,0,10,0
0,0,0,0,18,390,0,5591,0,0,0,0,0,0,24,0,0,0,0,297,6717,4,0,0,285,0,0,0,0,0,1,0,2243,0,0,0,0,0,0
0,0,0,0,14,998,0,3838,0,1,0,0,14,0,9,0,0,0,0,1772,8678,0,0,0,24,0,3,0,0,0,0,1,466,0,0,0,0,0,0
0,0,0,0,2,50,0,10653,0,0,0,0,140,0,230,0,0,0,0,503,8309,0,0,0,1999,0,0,0,0,0,2,4,13109,0,0,0,0,0,0
0,0,0,0,6,82,0,7837,0,0,0,0,9,0,16,0,0,0,0,2028,11919,0,0,0,1201,0,3,4,0,0,0,2,2091,0,0,0,0,12,0
0,0,0,0,17,182,0,8573,0,0,5,0,0,0,0,0,0,0,0,1587,3504,0,0,0,2256,0,19,0,0,0,1,0,2409,0,0,5,0,12,0
0,0,0,0,20,201,0,2595,0,0,0,0,2,0,31,0,0,0,0,422,10701,0,0,0,2035,0,2,0,0,0,0,0,10,0,0,0,0,0,0
0,0,0,0,17,357,0,9857,0,0,0,0,0,0,34,0,0,0,0,4193,7496,16,2,0,109,0,0,0,0,0,0,5,161,0,0,0,0,1,0
0,0,0,0,20,928,0,4236,0,0,0,0,12,0,17,0,0,0,0,1019,7770,0,0,0,89,0,1,0,0,0,0,0,167,0,0,0,0,0,0
0,0,0,0,1,15,0,6523,0,0,0,0,0,0,1,0,0,0,0,65,3924,0,0,0,670,0,0,0,0,0,0,0,222,0,0,0,0,1,0
0,0,0,0,4,790,0,12259,0,0,0,0,0,0,12,0,0,0,0,3701,16859,0,4,0,4644,0,0,0,0,0,4,0,1640,0,0,0,0,0,0
0,0,0,0,20,840,0,711,0,0,0,0,0,0,0,0,0,0,0,3138,6149,0,0,0,21,0,0,2,0,0,1,0,40,0,0,0,0,0,0
0,0,0,0,11,1499,0,4340,0,0,19,0,16,0,227,0,0,0,0,326,8645,6,0,0,304,10,0,0,0,0,0,0,226,0,0,4,0,0,1
0,0,0,0,3,79,0,15418,0,0,0,0,0,0,0,0,0,0,0,356,11846,0,0,0,926,0,0,0,0,0,6,0,370,0,0,0,0,0,0
0,0,0,0,4,281,0,3284,0,0,3,0,0,0,2,0,0,0,0,274,3577,4,0,0,205,0,1,0,0,0,0,0,2255,0,0,0,0,0,0
0,0,0,0,9,193,0,2662,0,0,0,0,0,0,6,0,0,0,0,440,8426,0,0,0,163,0,0,0,0,0,0,0,416,0,0,0,0,0,0
0,0,0,0,7,101,0,5983,0,0,0,0,0,0,12,0,0,0,0,781,5650,2,0,0,1666,0,0,0,0,0,1,2,2050,0,0,0,0,28,0
0,0,0,0,8,219,0,16760,0,0,24,0,0,0,49,0,0,0,0,1163,7677,0,0,0,2808,0,0,0,0,0,1,0,1981,0,0,2,0,0,0
0,0,0,0,2,22,0,4254,0,0,0,0,1,0,13,0,0,0,0,78,3746,0,0,0,627,0,0,0,0,0,0,0,2698,0,0,0,0,0,0
0,0,0,0,11,3,0,8711,0,0,0,0,0,0,36,0,0,0,0,168,3175,0,0,0,2296,0,0,0,0,0,0,0,5833,0,0,0,0,0,0
0,0,0,0,1,62,0,4158,0,0,0,0,0,0,27,0,0,0,0,194,4287,0,0,0,6442,0,0,0,0,0,10,0,546,0,0,0,0,0,0
0,0,0,0,2,110,0,13008,0,0,0,0,3,0,0,0,0,0,0,472,11237,0,0,0,257,0,0,0,0,0,4,0,408,0,0,0,0,0,0
0,0,0,0,5,234,0,6824,0,0,0,0,8,0,200,0,0,0,0,300,5275,0,0,0,379,0,0,0,0,0,1,1,2241,0,0,0,0,0,0
0,0,0,0,19,248,0,13340,0,0,0,0,160,0,20,0,0,0,0,418,7739,0,0,0,7715,0,0,0,0,0,0,1,1097,0,0,0,0,0,0
0,0,0,0,3,78,0,8635,0,0,0,0,0,0,779,0,0,0,0,973,3790,0,0,0,2294,0,1,0,0,0,2,0,157,0,0,0,0,0,0
0,0,0,0,3,52,0,5625,0,0,0,0,33,0,383,0,0,0,0,533,5935,4,0,0,317,2,0,0,0,0,0,0,103,0,0,0,0,0,0
0,0,0,0,20,245,0,3080,0,0,0,0,0,0,135,0,0,0,0,451,2327,0,0,0,497,0,0,0,0,0,0,0,6633,0,0,0,0,0,0
0,0,0,0,0,81,0,1710,0,0,0,0,6,0,357,0,0,0,0,669,5282,3,0,0,50,2,0,0,0,0,0,0,869,0,0,0,0,3,0
0,0,0,0,131,777,0,6236,0,0,0,0,0,0,15,0,0,0,0,1162,16654,0,0,0,694,0,0,0,0,0,0,0,903,0,0,0,0,0,1
0,0,0,0,1,50,0,7113,0,0,0,0,0,0,210,0,0,0,0,265,6379,0,0,0,1722,0,0,0,0,0,0,1,315,0,0,0,0,0,0
0,0,0,0,1,9,0,7798,0,0,0,0,0,0,3,0,0,0,0,252,7667,0,0,0,520,0,0,0,0,0,0,0,2746,0,0,0,0,0,0
0,0,0,0,1,229,0,9521,0,0,0,0,0,0,3,0,0,0,0,252,3694,2,0,0,10273,0,0,0,0,0,2,0,118,0,0,0,0,0,0
0,0,0,0,6,192,0,7960,0,0,0,0,14,0,156,0,0,0,0,741,5291,0,0,0,414,0,1,0,0,0,0,0,238,0,0,0,0,0,0
0,0,0,0,4,13,0,10341,0,0,0,0,6,0,54,0,0,0,0,180,5926,44,0,0,878,0,7,0,0,0,0,0,1789,0,0,0,0,0,1
0,0,0,0,0,1,0,3631,0,0,0,0,8,0,0,0,0,0,0,285,2893,0,0,0,6,0,0,0,0,0,0,8,1551,0,0,0,0,3,0
0,0,0,0,3,13,0,6661,0,0,0,0,4,0,65,0,0,0,0,92,2658,3,0,0,466,0,0,0,0,0,0,0,5854,0,0,0,0,0,0
0,0,0,0,16,1034,0,7956,0,0,1,0,0,0,0,0,0,0,0,2343,10751,0,0,0,95,0,0,0,0,0,0,0,248,0,0,0,0,0,0
0,0,0,0,10,487,0,3207,0,0,0,0,0,0,22,0,0,0,0,598,5672,0,0,0,5251,0,0,0,0,0,0,0,116,0,0,0,0,0,0
0,0,0,0,1,329,0,13049,0,0,0,0,0,0,20,0,0,0,0,144,8060,0,1,0,2914,0,0,0,0,0,0,0,2004,0,0,0,0,0,0
0,0,0,0,29,682,0,6211,0,0,0,0,0,0,71,0,0,0,0,320,6777,0,0,0,2229,0,0,1,0,0,3,0,1056,0,0,0,0,0,0
0,0,0,0,13,1140,0,3130,0,0,0,0,0,0,68,0,0,0,0,415,5761,0,0,0,637,0,0,0,0,0,10,0,68,0,0,0,0,0,0
0,0,0,0,5,153,0,3592,0,0,0,0,6,0,14,0,0,0,0,1232,5150,2,1,0,152,0,0,0,0,0,0,0,110,0,0,0,0,3,0
0,0,0,0,9,390,0,7904,0,0,4,0,3,0,227,0,0,0,0,1697,13648,52,0,4,669,6,0,0,0,0,0,0,187,0,0,0,0,4,0
0,0,0,0,0,23,0,9886,0,0,0,0,0,0,3,0,0,0,0,109,4332,0,0,0,2378,0,0,0,0,0,0,0,124,0,0,0,0,0,0
0,0,0,0,45,3378,0,1579,0,0,0,0,0,0,5,0,0,0,0,2682,10744,0,0,0,9635,0,0,0,0,0,0,0,74,0,0,0,0,0,0
0,0,0,0,1,134,0,4412,0,0,2,0,5,0,13,0,0,0,0,711,5125,0,0,0,131,0,1,0,0,0,0,0,5584,0,0,0,0,1,0
0,0,0,0,2,13,0,8494,4,0,0,0,16,0,9,0,0,0,0,225,5858,0,0,0,3833,0,0,0,0,0,2,0,1438,0,0,0,0,0,0
0,0,0,0,1,495,0,6539,0,0,0,0,256,0,0,0,0,0,0,144,11354,0,0,0,9754,0,0,0,0,0,1,0,3769,0,0,0,0,0,0
0,0,0,0,2,59,0,1740,0,0,0,0,0,0,14,0,0,0,0,360,4696,0,0,0,4351,0,0,0,0,0,3,0,432,0,0,0,0,0,0
0,0,0,0,2,312,0,5320,0,0,0,0,1,0,24,0,0,0,0,350,7411,0,0,0,837,0,0,0,0,0,1,0,26,0,0,0,0,0,0
0,0,0,1,11,766,0,8585,0,0,0,0,0,0,31,0,0,0,0,1102,5117,4,0,0,100,0,0,0,0,0,0,2,15503,0,0,0,0,0,0
0,0,0,0,1,138,0,9174,0,0,0,0,0,0,28,0,0,0,0,413,11310,0,0,0,2764,0,0,0,0,0,0,1,2182,0,0,0,0,5,0
0,0,0,0,4,110,0,6553,0,0,0,0,0,0,10,0,0,0,0,198,3685,0,3,0,3224,0,2,0,0,0,1,0,7637,0,0,0,0,3,0
0,0,0,0,14,897,0,10925,0,0,0,0,0,0,28,0,0,0,0,445,9089,0,1,0,8139,0,0,0,0,0,4,1,570,0,0,0,0,4,0
0,0,0,0,1,6,0,18408,0,0,0,0,374,0,242,0,0,0,0,125,9645,6,0,0,1189,0,0,0,0,0,0,0,1469,0,0,0,0,1,0
0,0,0,0,6,218,0,3392,0,0,0,0,0,0,0,0,0,0,0,2197,7563,0,0,0,511,0,0,0,0,0,22,0,131,0,0,0,0,0,0
0,0,0,1,14,751,0,5741,0,0,0,0,0,0,3,0,0,0,0,323,15872,0,0,0,5636,0,0,0,0,0,1,0,4168,0,0,0,0,0,0
0,0,0,0,9,210,0,386,0,0,4,0,0,0,11,0,0,0,0,241,6135,0,0,0,2543,0,0,0,0,0,0,0,1388,0,0,0,0,4,0
0,0,0,0,4,39,0,11463,0,0,1,0,0,0,8,0,0,0,0,216,4023,0,0,0,928,0,0,0,0,0,0,0,2140,0,0,0,0,0,0
0,0,0,0,2,17,0,11648,0,0,0,0,0,0,160,0,0,0,0,1291,8449,7,0,0,2030,0,0,0,0,0,1,73,640,0,0,0,0,1,0
0,0,0,0,11,328,0,10622,0,0,0,0,1,0,17,0,0,0,0,1030,7333,0,0,0,160,0,0,0,0,0,2,2,4769,0,0,0,0,0,0
0,0,0,0,27,1098,0,1013,0,0,0,0,0,0,78,0,0,0,0,4471,7500,0,0,0,6,0,0,0,0,0,0,6,899,0,0,0,0,0,0
0,0,0,0,2,66,0,7543,0,0,0,0,1,0,84,0,0,0,0,305,5549,8,0,0,584,0,0,0,0,0,0,0,1249,0,0,0,0,0,0
0,0,0,0,2,12,0,13399,0,0,0,0,0,0,7,0,0,0,0,129,4427,0,0,0,166,0,0,0,0,0,0,0,84,0,0,0,0,0,0
0,0,0,0,0,32,0,9214,0,0,0,0,0,0,2,0,0,0,0,148,2841,0,0,0,89,0,0,0,0,0,0,0,1603,0,0,0,0,0,1
0,0,0,0,7,2387,0,8327,0,0,0,0,0,0,1,0,0,0,0,277,7513,0,0,0,3176,0,0,0,0,0,1,2,118,0,0,0,0,1,0
0,0,0,0,13,65,0,11314,0,0,4,0,18,0,34,0,0,0,0,661,14490,2,0,0,671,0,12,0,0,0,1,0,540,0,0,0,0,0,0
0,0,0,0,8,165,0,2610,0,0,0,0,32,0,3,0,0,0,0,133,4472,0,0,0,4227,0,0,0,0,0,3,2,5734,0,0,0,0,1,0
0,0,0,0,41,392,0,7245,0,0,2,0,19,0,242,0,0,0,0,1068,5152,0,0,0,362,0,0,0,0,0,0,0,949,0,0,0,0,0,0
0,0,0,0,1,46,0,7190,0,0,0,0,27,0,8,0,0,0,0,222,5637,0,0,0,1729,0,2,0,0,0,0,0,788,0,0,0,0,1,0
0,0,0,0,16,581,0,3743,0,0,0,0,0,0,26,0,0,0,0,899,6505,0,0,0,1367,0,0,0,0,0,0,0,487,0,0,0,0,1,0
0,0,0,0,2,414,0,4638,0,0,9,0,0,0,11,0,0,0,0,1334,4600,0,0,0,10908,0,3,0,0,0,26,0,126,0,0,0,0,0,0
0,0,0,0,39,212,0,1870,0,0,0,0,0,0,0,0,0,0,0,2074,5619,0,0,0,1088,0,26,0,0,0,0,0,12106,0,0,1,0,0,0
0,0,0,0,39,714,0,7390,0,0,4,0,0,0,13,0,0,0,0,1096,6905,0,0,0,236,0,6,0,0,0,0,0,6521,0,0,0,0,0,0
0,0,0,0,5,77,0,10227,0,0,8,0,0,0,516,0,0,0,0,119,3128,0,0,0,149,0,3,0,0,0,0,0,350,0,0,0,0,2,1
0,0,0,0,3,223,0,3162,0,0,0,0,0,0,9,0,0,0,0,25,3527,0,0,0,48,0,0,0,0,0,0,0,1264,0,0,0,0,0,0
0,0,0,0,1,66,0,7111,0,0,17,0,0,0,53,0,0,0,0,3566,12401,0,0,0,193,0,0,0,0,0,0,0,120,0,0,0,0,0,0
0,0,0,0,41,458,0,8476,0,0,0,0,0,0,7,0,0,0,0,570,3576,0,0,0,84,0,0,0,0,0,0,0,8839,0,0,0,0,0,0
0,0,0,0,8,524,0,2504,0,0,1,0,0,0,7,0,0,0,0,972,4027,0,0,0,684,0,0,0,0,0,1,0,3872,0,0,0,0,0,0
0,0,0,0,10,605,0,7254,0,0,9,0,0,0,23,0,0,0,0,1637,7583,0,0,0,129,0,0,0,0,0,1,0,605,0,0,0,0,0,0
0,0,0,0,8,118,0,11604,0,0,3,0,90,0,23,0,0,0,0,747,8258,6,0,0,1693,0,4,0,0,0,3,0,577,0,0,0,0,0,0
0,0,0,0,6,112,0,1845,0,0,0,0,0,0,21,0,0,0,0,283,7189,0,0,0,11820,0,0,0,0,0,0,0,79,0,0,0,0,0,0
0,0,0,0,17,1213,0,2722,0,0,0,0,0,0,85,0,0,0,0,1328,7302,0,0,0,329,0,0,0,0,0,0,0,117,0,0,0,0,0,0
0,0,0,0,3,46,0,4095,0,0,0,0,18,0,1,0,0,0,0,231,1632,0,0,0,1000,0,0,0,0,0,0,0,5625,0,0,0,0,0,0
0,0,0,0,7,203,0,1054,0,0,0,0,5,0,9,0,0,0,0,445,6827,0,0,0,184,0,0,0,0,0,0,0,3010,0,0,0,0,0,0
0,0,0,0,14,229,0,6473,0,0,0,0,3,0,0,0,0,0,0,1021,14271,0,0,0,600,0,1,0,0,0,5,3,287,0,0,0,0,0,0
0,0,0,0,24,148,0,2929,0,0,0,0,0,0,119,0,0,0,0,362,6513,5,0,0,1369,0,0,0,0,0,0,0,3377,0,0,0,0,0,0
0,0,0,0,1,225,0,3526,0,0,0,0,0,0,17,0,0,0,0,423,6648,0,0,0,4515,0,0,0,0,0,0,0,171,0,0,0,0,0,0
0,0,0,0,2,87,0,2931,0,0,0,0,34,0,172,0,0,0,0,2390,5240,0,0,0,89,3,0,0,0,0,2,0,134,0,0,0,0,0,0
0,0,0,0,134,266,0,39,0,0,0,0,0,0,6,0,0,0,0,5034,1603,0,0,0,1275,0,11,0,0,0,0,0,3798,0,0,0,0,0,1
0,0,0,0,0,130,0,8815,0,0,0,0,0,0,3,0,0,0,0,1328,8579,0,0,0,7126,0,0,0,0,0,0,4,447,0,0,0,0,0,0
0,0,0,0,0,112,0,7198,0,0,0,0,5,0,7,0,0,0,0,645,4639,0,2,0,1934,0,19,0,0,0,0,0,74,0,0,0,0,0,0
0,0,0,0,6,117,0,2744,0,0,0,0,13,0,72,0,0,0,0,890,4081,5,0,0,98,3,0,0,0,0,1,0,241,0,0,0,0,2,0
0,0,0,0,22,175,0,5000,0,0,19,0,0,0,42,0,0,0,0,142,2272,0,0,0,448,0,12,0,0,0,0,0,6530,0,0,0,0,0,0
0,0,0,0,6,359,0,10758,0,0,1,0,0,0,0,0,0,0,0,227,5428,0,0,0,908,0,1,0,0,0,0,0,1570,0,0,0,0,0,0
0,0,0,0,13,24,0,3935,0,0,0,0,0,0,7,0,0,0,0,30,6281,0,0,0,2355,0,2,0,0,0,0,0,25,0,0,0,0,0,0
0,0,0,0,7,49,0,6180,0,0,0,0,13,0,222,0,0,0,0,482,2738,1,0,0,627,0,0,0,0,0,1,0,208,0,0,0,0,0,0
0,0,0,0,18,322,0,976,0,0,0,0,0,0,152,0,0,0,0,2130,10406,0,0,0,33,0,4,0,0,0,0,0,511,0,0,0,0,0,1
0,0,0,0,5,67,0,5669,0,0,0,0,0,0,194,0,0,0,0,531,2908,0,0,0,53,0,0,0,0,0,2,0,4742,0,0,0,0,0,0
0,0,0,0,3,26,0,494,0,0,0,0,0,0,0,0,0,0,0,127,2786,0,0,0,123,0,0,0,0,0,0,0,17288,0,0,0,0,0,0
0,0,0,0,14,38,0,13526,0,0,0,0,0,0,0,0,0,0,0,233,10420,0,0,0,33,0,0,0,0,0,0,3,354,0,0,0,0,0,0
0,0,0,0,7,74,0,7047,0,0,0,0,1,0,0,0,0,0,0,209,2566,0,0,0,26,0,0,0,0,0,0,0,2454,0,0,0,0,5,0
0,0,0,0,3,93,0,9690,0,0,0,0,0,0,33,0,0,0,0,2763,7134,4,0,0,653,2,0,0,0,0,0,0,84,0,0,0,0,0,0
0,0,0,0,33,577,0,11565,0,0,0,0,0,0,2,0,0,0,0,1229,5091,0,0,0,2697,0,6,0,0,0,0,0,1655,0,0,0,0,0,0
0,0,0,0,20,544,0,8070,0,0,4,0,8,0,0,0,0,0,0,579,8325,0,0,0,658,0,0,0,0,0,2,2,4697,0,0,0,0,0,0
0,0,0,0,2,49,0,10600,0,0,0,0,81,0,84,0,0,0,0,440,12090,0,0,0,5380,0,0,0,0,0,0,0,513,0,1,0,0,0,0
0,0,0,0,19,569,0,8300,0,0,0,0,2,0,1,0,0,0,0,175,9654,0,0,0,722,0,0,0,0,0,0,0,1257,0,0,0,0,0,0
0,0,0,0,2,16,0,7140,0,0,0,0,0,0,21,0,0,0,0,279,2596,0,0,0,1418,0,0,0,0,0,1,2,5209,0,0,0,0,4,0
0,0,0,0,0,40,0,3140,0,0,0,0,0,0,15,0,0,0,0,441,8153,0,0,0,4281,0,0,0,0,0,1,0,452,0,0,0,0,0,0
0,0,0,0,6,58,0,9560,0,0,0,0,0,0,0,0,0,0,0,1155,6019,0,0,0,4157,0,0,0,0,0,0,0,5992,0,0,0,0,0,0
0,0,0,0,4,89,0,8202,0,0,0,0,0,0,194,0,0,0,0,640,6442,0,0,0,1213,0,0,0,0,0,3,0,5378,0,0,0,0,0,0
0,0,0,0,8,625,0,4122,0,0,0,0,0,0,2,0,0,0,0,561,18102,0,1,0,367,0,4,0,0,0,0,0,1219,0,0,0,0,0,0
0,0,0,0,4,36,0,9508,0,0,1,0,0,0,10,0,0,0,0,351,4032,0,0,0,100,0,15,0,0,0,3,0,1040,0,0,0,0,0,0
0,0,0,0,16,110,0,15133,0,0,0,0,68,0,0,0,0,0,0,424,7547,0,0,0,2646,0,0,1,0,0,0,0,3682,0,0,0,0,0,0
0,0,0,0,5,13,0,5358,0,0,0,0,1,0,0,0,0,0,0,141,3370,0,0,0,3123,0,0,0,0,0,1,0,236,0,0,0,0,0,0
0,0,0,0,17,24,0,2500,0,0,0,0,0,0,0,0,0,0,0,1850,7183,0,0,0,3786,0,2,0,0,0,3,0,6093,0,0,0,0,0,0
0,0,0,0,14,198,0,12519,0,0,1,0,1,0,47,0,0,0,0,904,13974,57,0,0,366,1,1,0,0,0,2,0,2442,0,0,2,0,9,0
0,0,0,0,20,123,0,989,0,0,0,0,0,0,0,0,0,0,0,10267,8526,0,0,0,116,0,0,0,0,0,7,22,3899,0,0,0,0,0,0
0,0,0,0,8,511,0,7467,0,0,2,0,0,0,59,0,0,0,0,153,6702,4,0,0,635,0,0,0,0,0,1,0,1520,0,0,0,0,0,0
0,0,0,0,9,37,0,3348,0,0,0,0,0,0,5,0,0,0,0,2176,6010,0,1,0,554,0,0,0,0,0,0,2,64,0,0,0,0,0,0
0,0,0,0,7,326,0,4332,0,0,0,0,0,0,5,0,0,0,0,1165,5937,1,0,0,2397,0,0,0,0,0,0,0,123,0,0,0,0,2,0
0,0,0,0,7,390,0,8869,0,0,0,0,1,0,272,0,0,0,0,1041,11701,0,4,0,3630,0,0,0,0,0,6,11,1077,0,0,0,0,0,0
0,0,0,0,6,47,0,18075,0,0,11,0,0,0,42,0,0,0,0,246,8669,0,0,0,576,0,0,0,0,0,0,0,2234,0,0,1,0,0,0
0,0,0,0,2,5,0,17322,0,0,0,0,13,0,5,0,0,0,0,51,9507,0,0,0,781,0,0,0,0,0,1,0,3282,0,0,0,0,0,1
0,0,0,0,12,379,0,12702,0,0,0,0,0,0,0,0,0,0,0,917,12214,0,0,0,591,0,0,0,0,0,0,0,2293,0,0,0,0,0,0
0,0,0,0,25,637,0,11937,0,0,0,0,0,0,0,0,0,0,0,652,9216,0,0,0,2681,0,0,3,0,0,0,0,202,0,0,0,0,0,0
0,0,0,0,17,654,0,4902,0,0,0,0,585,0,565,0,0,0,0,248,9105,0,6,0,58,0,0,0,0,0,0,2,40,0,0,0,0,0,0
0,0,0,0,9,23,0,3522,0,0,0,0,271,0,49,0,0,0,0,987,3943,0,0,0,1067,0,0,0,0,0,1,0,2882,0,0,0,0,0,0
0,0,0,0,4,4,0,6188,0,0,2,0,4,0,266,0,0,0,0,88,4504,0,0,0,230,0,0,0,0,0,0,0,857,0,0,0,0,0,0
0,0,0,0,2,334,0,3049,0,0,0,0,56,0,2,0,0,0,0,556,4564,2,0,0,525,0,0,0,0,0,0,0,25,0,0,0,0,0,0
0,0,0,0,7,293,0,1560,0,0,0,0,0,0,7,0,0,0,0,162,19476,1,0,0,5735,0,0,15,0,5,8,0,3155,0,0,0,0,0,0
0,0,0,0,2,133,0,14845,0,0,5,0,0,0,386,0,0,0,0,312,6629,0,0,0,161,0,0,0,0,0,0,0,3804,0,0,0,0,0,0
0,0,0,0,1,115,0,5454,0,0,0,0,0,0,7,0,0,0,0,110,5628,0,0,0,932,0,0,0,0,0,0,1,63,0,0,0,0,1,0
0,0,0,0,0,57,0,14845,0,0,0,0,25,0,3,0,0,0,0,82,8830,0,0,0,1623,0,0,0,0,0,1,10,1214,0,0,0,0,0,0
0,0,0,0,1,72,0,15658,0,0,0,0,26,0,57,0,0,0,0,695,5605,8,0,0,441,0,0,0,0,0,1,0,39,0,0,0,0,0,0
0,0,0,0,2,180,0,16561,0,0,0,0,0,0,0,0,0,0,0,328,9302,0,0,0,118,0,0,0,0,0,8,0,7857,0,0,0,0,0,0
0,0,0,0,2,40,0,11155,0,0,0,0,0,0,9,0,0,0,0,218,7435,0,1,0,5886,0,0,0,0,0,0,2,80,0,0,0,0,4,0
0,0,0,0,13,38,0,15772,0,0,0,0,108,0,12,0,0,0,0,1325,25642,25,0,0,2892,11,0,0,0,0,0,8,2569,0,0,0,0,0,0
0,0,0,0,5,190,0,2863,0,0,0,0,0,0,45,0,0,0,0,2296,11206,0,0,0,255,0,0,0,0,0,5,0,115,0,0,0,0,7,0
0,0,0,0,3,758,0,8415,0,0,0,0,0,0,52,0,0,0,0,202,8435,1,0,0,222,0,2,0,0,0,2,2,562,0,0,0,0,0,1
0,0,0,0,2,215,0,7100,0,0,0,0,50,0,57,0,0,0,0,154,5585,0,1,0,989,0,2,0,0,0,1,3,1173,0,0,2,0,6,0
0,0,0,0,4,102,0,6264,0,0,0,0,3,0,45,0,0,0,0,327,4396,1,0,0,317,0,0,0,0,0,0,0,1779,0,0,0,0,1,0
0,0,0,0,18,94,0,7838,0,0,0,0,0,0,179,0,0,0,0,2624,7970,0,0,0,5811,0,0,0,0,0,0,3,19483,0,0,0,0,0,0
0,0,0,0,0,6,0,7037,0,0,0,0,0,0,0,0,0,0,0,60,3493,0,0,0,838,0,0,0,0,0,0,0,37,0,0,0,0,0,0
0,0,0,0,1,34,0,6866,0,0,0,0,0,0,14,0,0,0,0,164,4379,0,0,0,608,0,1,0,0,0,0,0,291,0,0,0,0,2,0
0,0,0,0,1,19,0,9648,0,1,0,0,0,0,0,0,0,0,0,444,10932,0,0,0,1685,0,0,0,0,0,5,1,2039,0,0,0,0,0,0
0,0,0,0,4,44,0,7663,0,0,0,0,2,0,103,0,0,0,0,600,18431,0,0,0,4102,0,0,0,0,0,0,2,127,0,0,0,0,1,0
0,0,0,1,7,135,0,9619,0,0,0,0,0,0,50,0,0,0,0,178,8018,16,0,0,111,10,6,0,0,0,0,3,806,0,0,0,0,0,0
0,0,0,0,41,160,0,5062,0,0,0,0,5,0,0,0,0,0,0,1707,12594,0,6,0,4200,0,15,0,0,0,0,5,5114,0,0,0,0,0,1
0,0,0,0,20,224,0,10513,0,0,3,0,0,0,97,0,0,0,0,979,8704,0,0,0,1203,0,2,0,0,0,6,0,759,0,0,0,0,0,0
0,0,0,0,2,169,0,9195,0,0,0,0,0,0,293,0,0,0,0,5283,9874,0,0,0,290,0,0,0,0,0,2,0,161,0,0,0,0,1,0
0,0,0,0,2,33,0,4583,0,0,0,0,5,0,35,0,0,0,0,1708,5194,0,0,0,15,0,0,0,0,0,0,0,120,0,0,0,0,1,0
0,0,0,0,5,44,0,3725,0,0,0,0,0,0,28,0,0,0,0,66,5073,1,0,0,825,0,0,0,0,0,0,4,576,0,0,0,0,2,0
0,0,0,0,7,72,0,2716,0,0,0,0,0,0,4,0,0,0,0,3595,2974,0,0,0,276,0,0,0,0,0,2,0,634,0,0,0,0,0,0
0,0,0,0,0,167,0,6799,0,0,0,0,60,0,18,0,0,0,9,1386,6119,0,0,0,21,0,0,0,0,0,0,2,455,0,0,0,0,0,0
0,0,0,0,0,82,0,7829,0,0,0,0,0,0,4,0,0,0,0,328,4640,0,0,0,775,0,0,0,0,0,0,0,704,0,0,0,0,0,1
0,0,0,0,2,120,0,7979,0,0,1,0,3,0,9,0,0,0,0,915,9428,7,0,0,175,0,0,0,0,0,0,0,4691,0,0,0,20,5,0
0,0,0,0,46,1213,0,5805,0,0,0,0,0,0,4,0,0,0,0,1591,7670,0,0,0,1717,0,0,0,0,0,4,0,145,0,0,0,0,0,0
0,0,0,0,0,135,0,6471,0,0,0,0,19,0,75,0,0,0,0,528,5849,15,0,0,217,2,2,0,0,0,2,1,1584,0,0,0,0,0,0
0,0,0,0,5,100,0,4682,0,0,0,0,8,0,1085,0,0,0,0,142,4454,0,0,0,518,0,0,0,0,0,1,0,1089,0,0,0,0,0,0
0,0,0,0,4,105,0,2247,0,0,0,0,0,0,0,0,0,0,0,905,13294,0,0,0,1494,0,0,0,0,0,0,0,123,0,0,0,0,0,0
0,0,0,0,5,205,0,8175,0,0,0,0,0,0,2,0,0,0,0,514,6302,0,0,0,1355,0,0,0,0,0,0,0,525,0,0,0,0,0,0
0,0,0,0,11,1016,0,9211,0,0,0,0,0,0,11,0,0,0,0,1121,6123,0,0,0,14,0,0,0,0,0,0,0,3659,5377,0,0,0,0,0
0,0,0,0,3,44,0,3309,0,0,0,0,0,0,10,0,0,0,0,195,3657,0,0,0,235,0,0,0,0,0,1,1,97,0,0,0,0,0,0
0,0,0,0,4,298,0,2653,0,0,0,0,0,0,13,0,0,0,0,938,4093,0,0,0,2783,0,3,1,0,0,0,0,633,0,0,0,0,0,0
0,0,0,0,30,404,0,12356,0,0,0,0,0,0,208,0,0,0,0,925,8148,0,0,0,1308,0,0,0,0,0,0,3,627,0,0,0,0,0,0
0,0,0,0,4,92,0,5677,0,0,0,0,0,0,143,0,0,0,0,432,7694,0,0,0,893,0,0,0,0,0,0,0,42,0,0,0,0,0,0
0,0,0,0,2,1217,0,9263,0,0,0,0,0,0,259,0,0,0,0,1133,14360,15,0,0,1080,0,0,0,0,0,0,0,6979,0,0,0,0,9,0
0,0,0,0,3,135,0,6079,0,0,0,0,0,0,0,0,0,0,0,1523,9705,0,0,0,2172,0,0,0,0,0,4,0,12645,0,0,0,0,0,0
0,0,0,0,5,86,0,8437,0,0,0,0,0,0,112,0,0,0,0,529,6478,2,1,0,2199,0,0,0,0,0,0,0,462,0,0,0,0,2,0
0,0,0,0,1,107,0,6262,0,0,0,0,0,0,288,0,0,0,0,503,8057,0,0,0,8840,0,0,0,0,0,0,0,1029,0,0,0,0,0,0
0,0,0,0,2,180,0,16566,0,0,3,0,2,0,25,0,0,0,0,752,9008,0,0,0,1222,0,0,0,0,0,0,0,4050,0,0,0,0,0,0
0,0,0,0,3,6,0,5289,0,0,0,0,2,0,18,0,0,0,0,120,5704,0,0,0,1749,0,30,0,0,0,1,0,199,0,0,3,0,2,0
0,0,0,0,6,132,0,6720,0,0,1,0,0,0,130,0,0,0,0,592,2687,0,0,0,218,0,1,0,0,0,8,1,390,0,0,0,0,4,0
0,0,0,0,3,493,0,11985,0,0,2,0,0,0,228,0,0,0,0,579,7169,0,0,0,1461,0,0,0,0,0,0,0,1142,0,0,0,0,2,0
0,0,0,0,14,1192,0,5812,0,0,0,0,41,0,0,0,0,0,0,1019,11480,0,0,0,593,0,0,0,0,0,0,0,1795,0,0,0,0,0,0
0,0,0,0,13,652,0,6859,0,0,0,0,0,0,11,0,0,0,0,1050,6659,0,0,0,1801,0,0,0,0,0,2,0,18,0,0,0,0,0,0
0,0,0,0,5,104,0,6986,0,0,1,0,0,0,1,0,0,0,0,460,7640,0,0,0,1641,0,0,0,0,0,0,0,1537,0,0,0,0,0,0
0,0,0,0,2,69,0,10778,0,0,0,0,31,0,62,0,0,0,0,1090,8083,9,0,0,159,3,0,0,0,0,0,0,414,0,0,0,0,0,0
0,0,0,0,3,77,0,10179,0,0,0,0,0,0,23,0,0,0,0,145,5626,0,0,0,225,0,0,0,0,0,0,0,27,0,0,0,0,0,0
0,0,0,0,1,22,0,1979,0,0,0,0,4,0,4,0,0,0,0,493,4852,0,0,0,187,0,0,0,0,0,0,0,175,0,0,0,0,1,0
0,0,0,0,24,283,7,1096,0,0,0,0,43,0,191,0,0,0,0,879,17092,0,0,0,183,0,0,0,0,0,0,0,1233,0,0,0,0,0,0
0,0,0,0,5,303,0,4642,0,0,0,0,0,0,38,0,0,0,0,998,1915,0,0,0,66,0,0,0,0,0,0,0,1793,0,0,0,0,0,0
0,0,0,0,11,356,0,1168,0,0,0,0,50,0,13,0,0,0,0,528,3825,0,0,0,686,0,0,0,0,0,1,0,4719,0,0,0,0,0,1
0,0,0,0,0,1077,0,3036,0,0,0,0,0,0,11,0,0,0,0,608,1955,0,0,0,182,0,5,0,0,0,0,0,17640,0,0,0,0,0,1
0,0,0,0,4,324,0,10561,0,0,2,0,0,0,0,0,0,0,0,255,6861,0,0,0,997,0,0,0,0,0,1,0,1833,0,0,0,0,0,0
0,0,0,0,2,367,0,5330,0,0,0,0,8,0,21,0,0,0,0,1214,8807,0,1,0,3561,0,0,0,0,0,0,0,332,0,0,0,0,0,0
0,0,0,0,34,1186,0,20705,0,0,0,0,0,0,32,0,0,0,0,463,8590,0,0,0,2285,0,2,0,0,0,0,0,403,0,0,0,0,0,0
0,0,0,0,2,179,0,7385,0,0,0,0,0,0,113,0,0,0,0,86,3455,0,0,0,487,0,0,0,0,0,0,0,1229,0,0,0,0,1,0
0,0,0,0,5,420,0,5803,0,0,2,0,0,0,7,0,0,0,0,836,5397,0,0,0,21,0,0,0,0,0,2,1,115,0,0,0,0,0,0
0,0,0,0,6,27,0,645,0,0,0,0,0,0,0,0,0,0,0,1084,2596,0,0,0,4244,0,1,0,0,0,0,5,6239,0,0,0,0,0,0
0,0,0,0,0,7,0,9378,0,0,0,0,4,0,51,0,0,0,0,676,6759,7,0,0,732,0,0,0,0,0,0,1,791,0,0,0,0,1,0
0,0,0,0,0,30,0,14647,0,0,0,0,0,0,17,0,0,0,0,120,5337,0,0,0,510,0,0,0,0,0,0,2,1697,0,0,0,0,0,0
0,0,0,0,2,66,0,7984,0,0,0,0,106,0,154,0,0,0,0,1065,5187,5,0,0,205,4,0,0,0,0,0,1,1415,0,0,0,0,0,0
0,0,0,0,57,273,0,12649,0,0,0,0,0,0,388,0,0,0,0,58,4811,0,0,0,1680,0,0,0,0,0,0,0,7010,0,0,0,0,4,0
0,0,0,0,6,36,0,9265,0,0,0,0,27,0,28,0,0,0,0,1603,5281,20,0,0,2,0,0,0,0,0,0,7,5802,0,1,0,0,0,0
0,0,0,0,1,81,0,12871,0,0,0,0,14,0,161,0,0,0,0,357,6064,0,0,0,666,0,0,0,0,0,11,0,1669,0,0,0,0,0,0
0,0,0,0,14,578,0,7294,0,0,2,0,0,0,0,0,0,0,0,2547,10272,0,0,0,98,0,0,0,0,0,12,2,540,0,0,1,0,1,0
0,0,0,0,5,286,0,8066,0,0,1,0,25,0,42,0,0,0,0,144,6464,7,0,0,507,0,0,0,0,0,1,0,176,0,1,0,0,0,0
0,0,0,0,19,101,0,7611,0,0,0,0,0,0,135,0,0,0,0,704,9588,0,0,0,10391,0,0,0,0,0,6,4,200,0,0,0,0,0,0
0,0,0,0,12,246,0,9731,0,0,0,0,0,0,0,0,0,0,0,1362,10438,0,0,0,10801,0,0,0,0,0,8,0,5102,0,0,0,0,0,0
0,0,0,0,12,535,0,2993,0,0,0,0,0,0,1,0,0,0,0,1770,20304,0,0,0,8470,0,0,8,0,0,2,2,2579,0,0,0,0,0,0
0,0,0,0,9,47,0,3757,0,0,0,0,1,0,38,0,0,0,0,6964,9434,0,0,0,1365,0,0,0,0,0,0,4,34,0,0,0,0,0,0
0,0,0,0,0,216,0,8637,0,0,0,0,0,0,17,0,0,0,0,2833,7048,6,0,0,117,0,0,0,0,0,0,0,143,0,0,0,0,2,0
0,0,0,0,1,241,0,4429,0,0,0,0,8,0,15,0,0,0,0,322,7189,1,0,0,360,0,0,0,0,0,0,0,1301,0,0,0,0,2,0
0,0,0,0,1,11,0,5381,0,0,6,0,6,0,17,0,0,0,0,950,3127,5,0,0,425,0,0,0,0,0,0,1,367,0,0,0,0,1,0
0,0,0,0,2,18,0,7820,0,0,0,0,0,0,2,0,0,0,0,396,8867,0,0,0,2603,0,0,0,0,0,2,11,317,0,0,0,0,3,0
0,0,0,0,2,226,0,7186,0,0,0,0,0,0,96,0,0,0,0,269,3777,0,0,0,878,0,0,1,0,0,0,0,161,0,0,0,0,0,0
0,0,0,1,20,304,0,730,0,0,0,0,0,0,0,0,0,0,0,1131,5502,0,0,0,7940,0,0,0,0,0,0,0,12568,0,0,0,0,0,0
0,0,0,0,20,29,0,10806,0,0,0,0,0,0,12,0,0,0,0,460,8438,0,0,0,9957,0,0,0,0,0,0,2,472,0,0,0,0,0,0
0,0,0,0,8,26,0,12809,0,0,0,0,0,0,764,0,0,0,0,444,1619,0,0,0,4846,0,0,0,0,0,1,0,245,0,0,0,0,0,0
0,0,0,0,3,194,0,5983,0,0,19,0,105,0,85,0,0,0,0,506,8717,0,0,0,1335,0,0,0,0,0,0,0,861,0,0,0,0,1,0
0,0,0,0,8,3,0,4003,0,0,0,0,0,0,141,0,0,0,0,45,2342,0,0,0,598,0,0,0,0,0,1,0,80,0,0,0,0,0,0
0,0,0,0,14,108,0,5360,0,0,3,0,0,0,1,0,0,0,0,674,3832,0,0,0,3557,0,0,0,0,0,2,0,2684,0,0,0,0,0,0
0,0,0,0,4,129,0,7187,0,0,0,0,0,0,44,0,0,0,0,725,12435,0,0,0,4943,0,1,0,0,0,3,0,394,0,0,0,0,0,0
0,0,0,0,39,16,0,1503,0,0,0,0,0,0,0,0,0,0,0,207,3220,0,0,0,1232,0,0,0,0,0,0,0,323,0,0,0,0,0,0
0,0,0,0,3,54,0,7364,0,0,0,0,0,0,11,0,0,0,0,41,3140,0,0,0,1461,0,0,0,0,0,0,2,4355,0,0,0,0,0,0
0,0,0,0,9,156,0,10733,0,0,0,0,6,0,41,0,0,0,0,577,12201,0,2,0,1843,0,0,0,0,0,6,0,264,0,0,0,0,1,0
0,0,0,0,3,523,0,8048,0,0,0,0,0,0,0,0,0,0,0,38,4486,0,0,0,2059,0,0,0,0,0,1,0,67,0,0,0,0,0,0
0,0,0,0,4,163,0,6340,0,0,1,0,0,0,0,0,0,0,0,288,3345,0,0,0,298,0,0,0,0,0,0,0,120,0,0,0,0,0,0
0,0,0,0,24,1240,0,4811,0,0,0,0,139,0,0,0,0,0,0,795,15730,2,0,0,749,0,0,0,0,0,0,0,3009,0,0,0,0,0,0
0,0,0,0,3,89,0,7416,0,0,0,0,0,0,53,0,0,0,0,249,6266,0,0,0,1298,0,0,0,0,0,0,0,1781,117,0,0,0,2,0
0,0,0,0,7,78,0,4888,0,0,4,0,3,0,22,0,0,0,0,339,5237,3,0,0,394,0,0,0,0,0,0,0,6119,0,0,0,0,6,0
0,0,0,0,22,4,0,7498,0,0,0,0,0,0,0,0,0,0,0,196,2525,0,0,0,0,0,0,0,0,0,0,1,10787,0,0,0,0,0,0
0,0,0,0,31,1100,0,7225,0,0,0,0,17,0,9,0,0,0,0,2474,9514,3,0,0,123,0,0,0,0,0,0,0,10996,0,0,0,0,11,0
0,0,0,0,57,288,0,6870,0,0,0,0,0,0,0,0,0,0,0,8065,22065,0,0,0,363,0,0,0,0,0,30,0,2105,0,0,0,0,0,0
0,0,0,0,9,106,0,5131,0,0,0,0,0,0,67,0,0,0,0,84,4653,0,0,0,3574,0,0,0,0,0,0,1,792,0,0,0,0,0,0
0,0,0,0,36,231,0,2476,0,0,4,0,9,0,24,0,0,0,0,14359,7848,0,0,0,133,0,0,0,0,0,8,4,264,0,0,0,0,0,0
0,0,0,0,2,121,0,2477,0,0,0,0,0,0,0,0,0,0,0,783,20344,0,0,0,40,0,0,0,0,0,0,0,642,0,0,0,0,0,0
0,0,0,0,0,37,0,5555,0,2,0,0,205,0,19,0,0,0,0,1626,3450,3,0,0,56,0,0,0,0,0,0,1,847,0,0,0,0,0,0
0,0,0,0,1,1016,0,10150,0,0,0,0,0,0,29,0,0,0,0,970,12518,0,0,0,6923,0,0,0,0,0,0,0,503,0,0,0,0,0,0
0,0,0,0,0,172,0,10704,0,0,2,0,0,0,13,0,0,0,0,1339,11815,0,0,0,373,0,0,0,0,0,0,0,43,0,0,0,0,0,0
0,0,0,0,2,178,0,12707,0,0,0,0,0,0,22,0,0,0,0,131,6503,0,0,0,5798,0,0,0,0,0,0,0,485,0,0,0,0,0,0
0,0,0,0,2,167,0,9925,0,0,0,0,10,0,103,0,0,0,0,382,8119,0,0,0,283,1,0,0,0,0,0,0,1327,0,0,0,0,0,0
0,0,0,0,0,120,0,6142,0,0,0,0,13,0,6,0,0,0,0,312,8615,3,0,0,8115,0,0,0,0,0,0,0,1279,0,0,0,0,0,0
0,0,0,0,2,759,0,13049,0,0,0,0,0,0,11,0,0,0,0,340,8189,0,0,0,737,0,0,0,0,0,1,0,782,0,0,0,0,0,0
0,0,0,0,23,82,0,9194,0,0,0,0,0,0,1,0,0,0,0,178,3391,0,0,0,1548,0,0,0,0,0,0,0,2498,0,0,0,0,0,0
0,0,0,0,30,180,0,8476,0,0,0,0,0,0,63,0,0,0,0,2051,12639,0,0,0,2251,0,1,0,0,0,17,0,5179,0,0,0,0,0,0
0,0,0,0,4,25,0,6928,0,0,0,0,17,0,76,0,0,0,0,771,5627,18,0,0,950,1,0,0,0,0,0,0,2599,0,0,0,0,1,0
0,0,0,0,4,187,0,11200,0,0,0,0,3,0,102,0,0,0,0,2952,11883,4,0,0,790,2,0,0,0,0,0,0,867,16,0,0,0,0,0
0,0,0,0,4,26,0,5592,0,0,0,0,1,0,7,0,0,0,0,566,3648,0,0,0,1498,0,0,0,0,0,0,0,527,0,0,0,0,0,0
0,0,0,0,5,358,0,3825,0,0,0,0,0,0,2,0,0,0,0,293,4984,0,0,0,720,0,0,0,0,0,1,1,5986,0,0,0,0,0,0
0,0,0,0,122,881,0,393,0,0,11,0,0,0,0,0,0,0,0,7631,2583,0,0,0,309,0,0,0,0,0,0,56,5704,0,0,0,0,0,0
0,0,0,0,4,202,0,14392,0,0,0,0,215,0,60,0,0,0,0,441,6563,11,0,0,351,0,0,0,0,0,2,0,275,0,0,0,0,0,0
0,0,0,0,20,198,0,4502,0,0,0,0,1,0,121,0,0,0,0,328,12186,0,2,0,3564,0,0,0,0,0,0,0,3691,0,0,0,0,0,0
0,0,0,0,16,161,0,5941,0,0,0,0,6,0,0,0,0,0,0,2661,11621,0,0,0,90,0,0,0,0,0,1,4,3564,0,0,0,0,2,0
0,0,0,0,13,110,0,7216,0,0,0,0,0,0,2928,0,0,0,0,576,6261,0,0,0,834,0,0,0,0,0,13,0,4240,0,0,0,0,0,0
0,0,0,0,2,106,0,4873,0,0,0,0,0,0,33,0,0,0,0,183,4407,0,1,0,1628,0,0,0,0,0,1,0,1331,0,0,0,0,0,0
0,0,0,0,1,14,0,4108,0,0,0,0,390,0,5,0,0,0,0,581,2551,0,0,0,320,0,0,0,0,0,1,0,170,0,0,0,0,0,0
0,0,0,0,29,861,0,5439,0,0,0,0,0,0,5,0,0,0,0,2001,12885,0,0,0,2807,0,0,0,0,0,4,0,219,0,0,0,0,0,0
0,0,0,0,1,100,0,12386,0,0,0,0,0,0,24,0,0,0,0,172,9429,10,0,0,2529,0,2,0,0,0,1,0,1031,0,0,0,0,1,0
0,0,0,0,4,315,0,9455,0,0,0,0,0,0,0,0,0,0,0,813,7197,0,0,0,1759,0,0,0,0,0,1,0,108,0,0,0,0,0,0
0,0,0,0,0,48,0,11896,0,0,0,0,0,0,0,0,0,0,0,354,7988,0,0,0,2799,0,0,0,0,0,0,0,392,0,0,0,0,0,0
0,0,0,0,3,80,0,6595,0,0,0,0,0,0,16,0,0,0,0,865,9178,0,0,0,128,2,0,0,0,0,0,2,172,0,0,0,0,1,0
0,0,0,0,0,130,0,4412,0,0,0,0,0,0,11,0,0,0,0,1288,11333,5,0,0,2072,0,0,0,0,0,0,0,436,0,0,0,0,0,0
0,0,0,0,14,1342,0,3054,0,0,0,0,0,0,165,0,0,0,0,527,6373,0,0,0,4571,0,0,0,0,0,6,0,351,0,0,0,0,0,0
0,0,0,0,5,57,0,11567,0,0,0,0,0,0,280,0,0,0,0,377,4458,0,0,0,7437,0,0,0,0,0,0,0,4010,0,0,0,0,0,0
0,0,0,0,1,20,0,6886,0,0,0,0,1,0,154,0,0,0,0,93,2987,0,0,0,948,0,0,0,0,0,0,1,2920,0,0,0,0,10,0
0,0,0,0,9,518,0,12649,0,0,0,0,0,0,47,0,0,0,0,152,7190,0,0,0,693,0,0,0,0,0,0,0,1964,0,0,0,0,20,0
0,0,0,0,3,264,0,8633,0,0,0,0,0,0,34,0,0,0,0,162,10596,0,0,0,422,0,0,0,0,0,4,0,1269,0,0,0,0,0,0
0,0,0,0,23,718,0,11909,0,0,0,0,0,0,40,0,0,0,0,254,7413,0,0,0,1172,0,14,0,0,0,3,5,3461,0,0,0,0,0,0
0,0,0,0,34,1411,0,5979,0,0,0,0,0,0,22,0,0,0,0,343,8853,0,5,0,243,0,0,0,0,0,0,0,139,0,0,0,0,0,0
0,0,0,0,11,208,0,6175,0,0,0,0,0,0,494,0,0,0,0,126,3759,0,0,0,2681,0,4,0,0,0,2,2,677,0,0,0,0,0,0
0,0,0,0,4,132,0,6698,0,0,0,0,13,0,0,0,0,0,0,72,5765,5,0,0,979,0,1,0,0,0,0,0,304,0,0,0,0,5,0
0,0,0,0,4,126,0,5163,0,0,0,0,0,0,102,0,0,0,0,1242,11674,3,0,0,4186,13,0,0,0,0,0,0,118,0,0,0,0,0,0
0,0,0,0,5,52,0,4851,0,0,0,0,4,0,18,0,0,0,0,266,4805,1,0,0,917,4,0,0,0,0,1,0,113,0,0,0,0,3,0
0,0,0,0,106,0,0,16722,0,0,0,0,0,0,0,0,0,0,0,3162,2503,0,0,0,78,0,4,0,0,0,0,0,13685,0,0,0,0,0,0
0,0,0,0,1,99,0,7860,0,0,0,0,44,0,4,0,0,0,0,385,6224,0,0,0,230,0,0,0,0,0,0,0,340,0,0,0,0,0,0
0,0,0,8,11,106,0,15040,0,0,5,0,0,0,9,0,0,0,0,1001,9133,0,0,0,380,0,0,0,0,0,18,0,755,0,0,0,0,0,0
0,0,0,0,2,450,0,6739,0,0,9,0,1,0,10,0,22,0,0,957,7087,2,0,0,925,0,1,0,0,0,1,0,200,0,0,0,0,10,0
0,0,0,0,1,46,0,5173,0,0,4,0,0,0,28,0,0,0,0,754,7599,0,3,0,1064,0,0,0,0,0,0,0,1113,0,0,0,0,0,0
0,0,0,0,21,836,0,9777,0,0,4,0,0,0,0,0,0,0,0,1077,6303,0,0,0,695,0,0,0,0,0,3,2,4325,0,0,0,0,0,0
0,0,0,0,7,144,0,13699,0,0,0,0,15,0,101,1,0,0,0,1711,4775,0,0,0,952,0,0,0,0,0,0,0,8360,0,0,0,0,0,0
0,0,0,0,5,125,0,7779,0,0,0,0,3,0,127,0,0,0,0,323,8115,0,2,0,1733,0,2,0,0,0,3,0,143,0,0,0,0,0,0
0,0,0,0,0,170,0,3658,0,0,0,0,0,0,0,0,0,0,0,1616,3815,0,0,0,15557,0,0,0,0,0,0,0,276,0,0,0,0,0,1
0,0,0,0,8,144,0,9217,0,0,0,0,29,0,172,0,0,0,0,602,6817,0,1,0,2336,0,0,0,0,0,0,0,7899,0,0,0,0,0,0
0,0,0,0,6,78,0,7072,0,0,0,0,0,0,76,0,0,0,0,813,3261,0,0,0,824,0,0,0,0,0,0,0,320,0,0,0,0,2,0
0,0,0,0,3,91,0,8811,0,0,0,0,1,0,32,0,0,0,0,991,8325,0,0,0,1594,0,0,0,0,0,0,0,1169,0,0,0,0,0,0
0,0,0,0,6,254,0,8693,0,0,0,0,0,0,80,0,0,0,0,287,10593,0,0,0,4234,0,0,1,0,0,0,0,1199,0,0,0,0,0,0
0,0,0,0,14,23,0,7757,0,0,0,0,0,0,166,0,0,0,0,325,4515,0,1,0,5348,0,0,0,0,0,0,0,226,0,0,0,0,0,0
0,0,0,0,0,33,0,12138,0,0,2,0,821,0,1,0,0,0,0,268,4695,0,0,0,2399,0,1,0,0,0,2,0,1602,0,0,0,0,1,0
0,0,0,0,7,247,0,16459,0,0,0,0,0,0,6,0,0,0,0,691,5457,0,0,0,3899,0,0,0,0,0,0,0,478,0,0,2,0,0,0
0,0,0,0,17,275,0,3119,0,0,6,0,685,0,32,0,0,0,0,3030,6214,0,0,0,768,0,0,0,0,0,0,0,5024,0,0,0,0,0,0
0,0,0,0,4,23,0,9843,0,0,0,0,0,0,47,0,0,0,0,512,8749,0,0,0,1126,0,0,0,0,0,0,0,552,0,0,0,0,0,0
0,0,0,0,3,348,0,6642,0,0,1,0,0,0,8,0,0,0,0,47,6001,0,0,0,528,0,1,0,0,0,3,0,764,0,0,11,0,0,0
0,0,0,0,1,93,0,7931,0,0,0,0,41,0,582,0,0,0,0,294,3808,0,0,0,113,0,10,0,0,0,0,0,2041,0,0,0,0,0,0
0,0,0,0,10,1905,0,5524,0,0,0,0,0,0,20,0,0,0,0,4052,10569,3,0,0,185,0,1,0,0,0,0,0,9339,0,0,0,0,0,1
0,0,0,0,31,387,0,9143,0,0,0,0,0,0,14,0,0,0,0,528,4644,0,0,0,1538,0,0,0,0,0,10,0,2248,0,0,0,0,0,0
0,0,0,0,18,113,0,8433,0,0,0,0,507,0,80,0,0,0,0,270,5387,0,0,0,282,0,0,0,0,0,4,1,435,0,0,0,0,0,0
0,0,0,0,7,2543,0,19889,0,0,0,0,33,0,312,0,0,0,0,1062,12848,0,0,0,4290,0,0,0,0,0,0,1,888,0,0,0,0,0,0
0,0,0,0,2,0,0,10,0,0,0,0,0,0,0,0,0,0,0,4,12,0,0,0,2,0,0,0,0,0,0,0,15,0,0,0,0,0,1
0,0,0,0,3,30,0,7892,0,0,0,0,3,0,372,0,0,0,0,316,6453,0,0,0,4604,0,0,0,0,0,0,0,701,0,0,0,0,0,0
0,0,0,0,1,5,0,4023,0,0,0,0,0,0,1,0,0,0,0,89,1608,0,0,0,2615,0,0,0,0,0,0,4,9023,0,0,0,0,0,0
0,0,0,0,8,125,0,13804,0,0,0,0,0,0,5,0,0,0,0,324,6316,0,2,0,802,2,0,0,0,0,0,0,181,0,0,0,0,0,0
0,0,0,0,6,141,0,10527,0,0,0,0,0,0,36,0,0,0,0,651,6075,0,0,0,3631,0,0,0,0,0,0,0,2077,0,0,0,0,0,0
0,0,0,0,4,69,0,7716,0,0,15,0,3,0,52,0,0,0,0,1289,11511,0,0,0,63,0,0,0,0,0,0,0,378,0,0,0,0,0,0
0,0,0,0,10,67,0,17011,0,0,0,0,0,0,7,0,0,0,0,196,6270,0,0,0,89,0,0,0,0,0,0,0,43,0,0,0,0,0,0
0,0,0,0,6,17,0,3121,0,0,0,0,0,0,3,0,0,0,0,6957,2715,0,0,0,12,0,0,0,0,0,14,0,21224,0,0,0,0,0,0
0,0,0,0,9,196,0,5504,0,0,0,0,1,0,457,0,0,0,0,1717,7974,0,0,0,627,0,0,0,0,0,6,0,199,0,8,0,0,0,0
0,0,0,0,2,253,0,10256,0,0,0,0,0,0,0,0,0,0,0,748,5124,0,0,0,1523,0,6,0,0,0,0,0,161,0,0,0,0,0,0
0,0,0,0,1,71,0,17129,0,0,0,0,15,0,2,0,0,0,0,199,7665,0,0,0,1196,0,0,0,0,0,0,4,4203,0,0,0,0,0,0
0,0,0,0,19,518,0,5637,0,0,0,0,29,0,24,0,0,0,0,1157,6611,0,0,0,90,0,0,0,0,0,14,0,125,0,0,0,0,0,0
0,0,0,0,2,1,0,16919,0,0,0,0,0,0,0,0,0,0,0,467,6520,0,0,0,1091,0,0,0,0,0,0,5,831,0,0,0,0,0,1
0,0,0,0,19,1105,0,6273,0,0,0,0,0,0,6,0,0,0,0,772,5411,52,0,0,60,0,0,0,0,0,2,1,4535,0,0,0,0,0,0
0,1,0,0,13,63,0,6717,0,0,0,0,6,0,51,0,0,0,0,366,10706,1,2,0,7367,0,0,0,0,0,6,0,666,0,0,0,0,0,0
0,0,0,0,3,166,0,2135,0,0,0,0,0,0,0,0,0,0,0,725,2577,0,0,0,1170,0,0,0,0,0,1,0,2353,0,0,0,0,1,0
0,0,0,0,23,660,0,6141,0,0,0,0,0,0,40,0,0,0,0,1297,8531,0,0,0,720,0,8,0,0,0,0,0,517,0,0,0,0,0,0
0,0,0,0,0,91,0,8510,0,0,9,0,66,0,8,0,0,0,0,629,7370,16,0,0,136,0,0,0,0,0,1,0,113,0,0,0,0,0,0
0,0,0,0,1,57,0,2600,0,0,0,0,4,0,0,0,0,0,0,291,8305,0,1,0,1720,0,0,0,0,0,0,0,102,0,0,0,0,0,0
0,0,0,0,1,65,0,5648,0,0,0,0,6,0,17,0,0,0,0,420,5078,0,0,0,2011,0,0,0,0,0,2,0,472,0,0,0,0,0,0
0,0,0,0,13,224,0,2784,0,0,0,0,0,0,6,0,0,0,0,1424,9787,1,0,0,152,1,0,0,0,0,5,0,670,0,0,0,0,0,0
0,0,0,0,0,15,0,970,0,0,0,0,1,0,31,0,0,0,0,433,10675,0,0,0,4288,0,2,0,0,0,4,0,14844,0,0,0,0,0,0
0,0,0,0,3,33,0,5688,0,0,0,0,2,0,38,0,0,0,0,260,5639,0,0,0,771,0,0,0,0,0,1,0,2011,0,0,0,0,0,0
0,0,0,0,2,101,0,7121,0,0,0,0,8,0,3,0,0,0,0,250,3167,0,0,0,296,0,0,0,0,0,0,0,218,0,0,0,0,0,0
0,0,0,0,1,134,0,10551,0,0,1,0,0,0,2,0,0,0,0,836,5628,0,0,0,924,0,0,0,0,0,3,0,2441,0,0,0,0,0,0
0,0,0,0,13,683,0,1635,0,0,0,0,0,0,9,0,0,0,0,733,6303,0,0,0,255,0,5,0,0,0,0,0,1626,0,0,0,0,0,0
0,0,0,0,25,344,0,6042,0,0,0,0,0,0,5,0,0,0,0,972,11090,0,1,0,233,0,0,0,0,0,4,0,112,0,0,0,0,1,0
0,0,0,0,12,304,0,4929,0,0,1,0,0,0,140,0,0,0,0,1640,5109,1,0,0,1595,0,1,0,0,0,5,0,339,0,0,0,0,0,0
0,0,0,0,6,92,0,1196,0,0,0,0,0,0,22,0,0,0,0,76,3015,0,0,0,412,0,0,0,0,0,0,0,4144,0,0,0,0,1,0
0,0,0,0,4,15,0,5009,0,0,0,0,0,0,0,0,0,0,0,112,3624,0,0,0,1026,0,0,0,0,0,0,0,1754,0,0,0,0,0,0
0,0,0,0,4,29,0,4090,0,0,0,0,0,0,10,0,0,0,0,842,6127,0,0,0,5488,0,0,0,0,0,5,0,99,0,0,0,0,0,0
0,0,0,0,43,773,0,6529,0,0,0,0,27,0,2,0,0,0,0,3497,12712,0,0,0,7723,2,2,0,0,0,0,0,72,0,0,0,0,0,0
0,0,0,0,34,3290,0,9667,0,0,0,0,0,0,10,0,0,0,0,2619,10681,0,0,0,562,0,43,0,0,0,0,0,14053,0,0,0,0,0,0
0,0,0,0,39,23,0,8295,0,0,0,0,0,0,0,0,0,0,0,84,1860,0,0,0,6441,0,0,0,0,0,1,0,593,0,0,0,0,0,0
0,0,0,0,6,51,0,6651,0,0,0,0,0,0,0,0,0,0,0,442,3490,0,0,0,511,0,0,0,0,0,0,0,2516,0,0,0,0,0,0
0,0,0,0,10,410,0,277,0,0,0,0,0,0,1,0,0,0,0,892,4312,0,0,0,7,0,1,0,0,0,0,0,3018,0,0,0,0,0,1
0,0,0,0,0,126,0,4055,0,0,0,0,0,9,61,0,0,0,0,3698,10559,0,0,0,3024,0,0,0,0,0,0,0,7459,0,0,0,0,0,0
0,0,0,0,2,418,0,122,0,0,0,0,0,0,0,0,0,0,0,508,8761,0,0,0,450,0,0,0,0,0,0,0,1790,0,0,0,0,0,0
0,0,0,0,1,18,0,4227,0,0,0,0,18,0,0,0,0,0,0,114,2873,0,0,0,373,0,0,0,0,0,0,0,395,0,0,0,0,0,0
0,0,0,0,18,126,0,7942,0,0,0,0,0,0,51,0,0,0,0,157,3809,0,0,0,11,0,0,0,0,0,0,0,5103,0,0,0,0,0,1
0,0,0,0,2,18,0,11900,0,0,0,0,0,0,140,0,0,0,0,246,6757,0,0,0,728,0,0,0,0,0,0,4,4944,0,0,0,0,0,0
0,0,0,0,1,77,0,11211,0,0,0,0,35,0,10,0,0,0,0,1500,8118,0,0,0,3023,0,0,0,0,0,2,6,889,0,0,0,0,3,0
0,0,0,0,1,155,0,9281,0,0,0,0,0,0,1,0,0,0,0,401,9461,0,0,0,789,0,1,0,0,0,0,0,3436,0,0,0,0,0,0
0,0,0,0,0,231,0,7287,0,0,0,0,18,0,186,0,0,0,0,769,9002,21,0,0,2,1,0,0,0,0,0,2,2663,0,0,0,0,17,0
0,0,0,0,18,688,0,9838,0,0,0,0,0,0,203,0,0,0,0,782,5914,0,0,0,598,0,1,0,0,0,3,0,221,0,0,0,0,0,0
0,0,0,0,0,6,0,2263,0,0,0,0,0,0,11,0,0,0,0,39,3181,1,0,0,685,0,0,0,0,0,0,0,1677,0,0,0,0,0,0
0,0,0,0,3,52,0,12350,0,1,0,0,78,0,159,0,0,0,0,503,8128,0,0,0,2167,0,0,0,0,0,3,0,129,0,0,0,0,2,0
0,0,0,0,4,34,0,8834,0,0,9,0,0,0,13,0,0,0,0,64,5894,0,0,0,2473,0,0,0,0,0,0,0,1752,0,0,0,0,0,0
0,0,0,0,3,54,0,4612,0,0,0,0,17,0,5,0,0,0,0,296,3743,0,0,0,1332,0,0,0,0,0,1,1,29,0,0,0,0,0,0
0,0,0,0,3,28,0,7132,0,0,0,0,20,0,0,0,0,0,0,43,2925,7,0,0,579,0,0,0,0,0,0,0,486,0,0,0,0,0,0
0,0,0,0,9,96,0,10296,0,0,0,0,0,0,4,0,0,0,0,592,3211,0,0,0,2186,0,0,0,0,0,1,0,155,0,0,0,0,0,0
0,0,0,0,2,179,0,2024,0,0,0,0,0,0,1,0,0,0,0,904,4104,0,0,0,31,0,0,0,0,0,0,0,505,0,0,0,0,1,0
0,0,0,0,7,223,0,5395,0,0,0,0,0,0,2051,0,0,0,0,582,3226,0,0,0,622,0,0,0,0,0,0,0,3268,0,0,0,0,15,0
0,0,0,0,14,57,0,3336,0,0,0,0,6,0,0,0,0,0,0,191,3844,0,0,0,2510,0,0,0,0,0,1,2,27200,0,0,0,0,0,0
0,0,0,0,4,0,0,13042,0,0,0,0,0,0,21,0,0,0,0,137,2741,0,0,0,920,0,0,0,0,0,0,0,998,0,0,0,0,0,0
0,0,0,0,5,172,0,3818,0,0,0,0,0,0,0,0,0,0,0,503,9552,0,0,0,2613,0,0,0,0,0,0,0,224,0,0,0,0,0,0
0,0,0,0,7,153,0,7720,0,0,0,0,0,0,205,0,0,0,0,420,4914,0,0,0,220,0,0,0,0,0,0,2,53,0,0,0,0,1,0
0,0,0,0,4,237,0,5155,0,0,1,0,0,0,62,0,0,0,0,552,9709,5,0,0,37,4,0,0,0,0,0,0,501,0,0,0,0,0,0
0,0,0,0,16,59,0,10710,0,0,0,0,0,0,3,0,0,0,0,459,7583,0,0,0,4377,0,0,0,0,0,0,0,9226,0,0,0,0,0,0
0,0,0,0,18,88,0,8231,0,0,0,0,0,0,67,0,0,0,0,801,4798,24,0,0,2221,0,1,0,0,0,4,0,966,0,0,0,0,0,0
0,0,0,0,18,1761,0,5780,0,0,0,0,0,0,200,0,0,0,0,2231,10685,14,4,0,326,0,0,0,0,0,7,0,315,0,0,0,0,1,0
0,0,0,0,0,134,0,8373,0,0,1,0,0,0,6,0,0,0,0,356,4933,13,2,0,580,0,0,0,0,0,0,2,621,0,0,0,0,1,0
0,0,0,0,20,671,0,8628,0,0,0,0,0,0,213,0,0,0,0,150,6961,0,0,0,1658,0,0,0,0,0,0,0,1553,0,0,0,0,0,0
0,0,0,0,6,105,0,4249,0,2,1,0,6,0,6,0,0,0,0,61,3530,0,0,0,335,0,0,0,0,0,0,0,3817,0,0,0,0,0,0
0,0,0,0,1,71,0,14342,0,0,0,0,6,0,6,0,0,0,0,460,8827,37,0,0,678,0,0,0,0,0,3,0,124,0,0,0,0,0,0
0,0,0,0,7,105,0,7207,0,0,0,0,0,0,1,0,0,0,0,524,3425,2,0,0,185,0,1,0,0,0,0,0,144,0,0,0,0,2,0
0,0,0,0,7,429,0,5954,0,0,1,0,14,0,15,0,0,0,0,665,7625,0,0,0,843,0,0,0,0,0,13,1,325,0,0,0,0,0,0
0,0,0,0,7,586,0,10549,0,0,0,0,0,0,0,0,0,0,0,362,8102,0,3,0,209,0,0,0,0,0,2,0,288,0,0,0,0,3,0
0,0,0,0,1,281,0,16540,0,0,0,0,0,0,63,0,0,0,0,389,5712,0,0,0,582,0,0,0,0,0,0,0,1953,0,0,0,0,0,0
0,0,0,0,7,215,0,10005,0,0,3,0,533,0,179,0,0,0,0,673,10702,0,0,0,2091,0,5,0,0,0,0,3,4132,0,0,0,0,5,0
0,0,0,0,164,1028,0,2695,0,0,0,0,5,0,36,0,0,0,0,1023,12723,0,0,0,1598,0,0,0,0,0,4,1,1307,0,0,0,0,2,0
0,0,0,0,3,24,0,9657,0,0,0,0,0,0,66,0,0,0,0,1242,5054,0,0,0,1441,0,0,1,0,0,0,0,8420,0,0,0,0,0,0
0,0,0,0,1,8,0,7835,0,0,47,0,0,0,0,0,0,0,0,14,1852,0,0,0,377,0,0,0,0,0,0,0,793,0,0,0,0,0,0
0,0,0,0,0,327,0,7582,0,0,0,0,0,0,1,0,0,0,0,63,6790,0,0,0,25,0,0,0,0,0,0,0,25,0,0,0,0,0,0
0,0,0,0,3,248,0,11091,0,0,0,0,0,0,266,0,0,0,0,285,4346,0,0,0,693,0,0,0,0,0,1,0,498,0,0,0,0,0,0
0,0,0,0,37,1117,0,11453,0,0,0,0,0,0,14,0,0,0,0,732,26808,0,0,0,819,0,0,0,0,0,0,0,780,0,0,0,0,0,0
0,0,0,0,13,202,0,5710,0,0,0,0,1,0,23,0,0,0,1,1702,6798,5,2,0,1104,17,0,0,0,0,0,2,13669,0,0,0,2,0,1
0,0,0,0,1,51,0,8040,0,0,0,0,0,0,25,0,0,0,0,327,5263,0,2,0,1225,0,0,0,0,0,1,0,703,0,0,0,0,1,0
0,0,0,0,0,113,0,6498,0,0,0,0,0,0,0,0,0,0,0,1042,5530,0,0,0,329,0,2,0,0,0,0,0,417,0,0,0,0,0,0
0,0,0,0,4,365,0,2515,0,0,0,0,18,0,3,0,8,0,0,1102,9650,0,0,0,1877,0,0,0,0,0,5,0,1769,0,0,0,0,0,0
0,0,0,0,12,117,0,9988,0,0,0,0,0,0,48,0,0,0,0,592,6868,0,1,0,105,0,0,0,0,0,0,0,2951,0,0,0,0,0,0
0,0,0,0,5,45,0,15316,0,0,0,0,0,0,42,0,0,0,0,311,10331,0,0,0,1182,0,0,0,0,0,7,0,138,0,0,0,0,0,0
0,0,0,0,9,392,0,6594,0,0,0,0,0,0,19,0,0,0,0,255,9453,0,0,0,1178,0,0,0,0,0,1,0,473,0,0,0,0,0,0
0,0,0,0,8,33,0,6109,0,0,2,0,1,0,63,0,0,0,0,559,5033,1,2,0,1261,0,0,0,0,0,2,1,423,0,0,0,0,0,0
0,0,0,0,154,586,0,1042,0,0,1,0,0,0,103,0,0,0,0,1557,4895,0,0,0,271,0,132,0,0,0,4,0,3771,0,0,0,0,0,1
0,0,0,0,0,44,0,6165,0,0,4,0,0,0,5,0,0,0,0,551,3515,0,0,0,1035,0,0,0,0,0,0,0,210,0,0,0,0,0,0
0,0,0,0,25,1209,0,14394,0,0,0,0,0,0,42,0,0,0,0,1170,10228,0,0,0,214,0,217,0,0,0,3,0,10642,0,0,0,0,3,1
0,0,0,0,8,245,0,7407,0,0,1,0,6,0,35,0,0,0,0,947,4807,0,0,0,366,0,0,0,0,0,2,0,744,0,0,0,0,0,0
0,0,0,0,2,102,0,4222,0,0,0,0,0,0,59,0,0,0,0,270,9831,1,0,0,290,1,0,0,0,0,4,0,114,0,0,0,0,0,0
0,0,0,0,0,3,0,5737,0,0,0,0,0,0,0,0,0,0,0,1200,5702,0,0,0,4855,0,0,0,0,0,6,0,167,0,0,0,0,0,0
0,0,0,0,11,209,0,6029,0,0,0,0,0,0,16,0,0,0,0,249,3022,0,0,0,81,2,0,0,0,0,0,0,708,0,0,0,0,0,0
0,0,0,0,8,44,0,7472,0,0,13,0,0,0,24,5,0,0,0,51,3492,0,0,0,796,0,0,0,0,0,0,0,1230,0,0,0,0,0,0
0,0,0,0,7,508,0,5821,0,0,0,0,0,0,324,0,0,0,0,341,5611,0,0,0,2271,0,0,0,0,0,0,0,2795,0,0,0,0,0,0
0,0,0,0,8,207,0,7083,0,0,0,0,17,0,15,0,0,0,0,2126,9767,0,0,0,92,3,0,0,0,0,0,6,4218,0,1,0,0,3,0
0,0,0,0,20,64,0,4905,0,0,0,0,10,0,44,0,0,0,0,2004,10356,0,0,0,104,0,0,0,0,0,19,0,47,0,0,0,0,0,0
0,0,0,0,18,343,0,4382,0,0,0,0,18,0,117,0,0,0,0,388,8404,0,0,0,153,0,3,0,0,0,7,1,265,0,0,0,0,0,0
0,0,0,2,12,406,0,6065,0,0,0,0,30,0,20,0,0,0,0,568,4019,0,0,0,153,0,85,0,0,0,15,12,1819,0,0,0,0,0,0
0,0,0,0,9,384,0,6862,0,0,0,0,195,0,41,0,0,0,0,2332,9268,0,0,0,4759,0,0,0,0,0,0,1,1063,111,0,0,0,0,0
0,0,0,0,11,410,0,3162,0,0,0,0,0,0,62,0,0,0,0,2084,6275,0,1,0,274,0,0,0,0,0,3,0,194,0,0,0,0,0,0
0,0,0,0,15,190,0,14661,0,0,95,0,16,0,209,0,0,0,0,2022,8990,15,1,0,2381,0,15,0,0,0,0,0,1676,0,0,0,0,0,0
0,0,0,0,17,400,0,3226,0,0,0,0,204,0,5,0,0,0,0,326,10082,0,0,0,8370,0,0,0,0,0,2,16,1949,0,0,0,0,0,0
0,0,0,2,45,98,0,2861,0,0,0,0,4,0,27,0,0,0,0,3365,19665,0,0,0,5131,0,0,0,0,0,4,0,4226,0,0,0,0,0,0
0,0,0,0,8,447,0,8961,0,0,0,0,0,0,1,0,0,0,0,646,4531,0,0,0,1634,0,0,0,0,0,0,0,2120,0,0,0,0,0,0
0,0,0,0,3,268,0,8572,0,0,0,0,87,0,3,0,0,0,0,1081,9039,1,0,0,229,0,0,0,0,0,10,0,56,0,0,0,0,0,0
0,0,0,0,16,961,0,5566,0,0,0,0,7,0,13,0,0,0,0,721,8486,0,0,0,880,0,0,0,0,0,0,0,630,0,0,0,0,0,0
0,0,0,0,0,229,0,9843,0,0,0,0,37,0,21,0,0,0,0,1091,16986,28,1,0,940,14,0,0,0,0,0,0,1362,0,0,0,0,0,0
0,0,0,0,1,30,0,14396,0,0,1,0,0,0,821,0,0,0,0,71,4696,0,0,0,1275,0,0,0,0,0,0,0,660,0,0,0,0,0,0
0,0,0,0,5,66,0,10422,0,0,1,0,282,0,88,0,0,0,0,112,8870,0,0,0,2792,0,0,0,0,0,0,0,151,73,0,0,0,0,0
0,0,0,0,1,39,0,6725,0,0,0,0,0,0,0,0,0,0,0,194,6583,0,0,0,1363,0,1,0,0,0,0,0,37,0,0,0,0,0,0
0,0,0,0,4,156,0,4545,0,0,0,0,2,0,8,0,0,0,0,876,7198,3,0,0,695,0,0,0,0,0,5,1,309,0,0,0,0,0,0
0,0,0,0,1,412,0,2287,0,0,26,0,33,0,55,0,0,0,0,993,7158,2,0,0,1155,2,3,0,0,0,1,0,84,0,0,0,0,0,0
0,0,0,0,5,16,0,6380,0,0,0,0,39,0,5,0,0,0,0,189,12141,0,0,0,3351,0,0,0,0,0,2,0,908,0,0,0,0,0,0
0,0,0,0,1,193,0,6757,0,0,0,0,8,0,92,0,0,0,0,568,7618,12,2,0,1504,0,0,0,0,0,1,0,2176,0,0,0,0,0,0
0,0,0,0,9,450,0,9729,0,0,10,0,14,0,0,0,0,0,0,2238,10192,0,0,0,285,0,3,0,0,0,0,10,12318,0,0,0,0,0,1
0,0,0,0,0,149,0,5551,0,0,0,0,6,0,36,0,0,0,1,1469,8470,3,1,0,1035,12,0,0,0,0,0,3,725,0,0,11,0,0,0
0,0,0,0,4,326,0,6941,0,0,0,0,0,0,3,0,0,0,0,414,4740,0,0,0,638,0,0,0,0,0,3,0,7164,0,0,0,0,0,0
0,0,0,0,2,317,0,6113,0,0,0,0,8,0,85,0,0,0,0,899,11297,14,0,0,3496,0,0,2,0,0,0,0,889,0,0,0,0,1,0
0,0,0,0,0,208,0,3666,0,0,0,0,0,0,1,0,0,0,0,302,5429,2,0,0,775,0,0,0,0,0,2,0,2501,0,0,0,0,0,0
0,0,0,0,11,72,0,8175,0,0,0,0,0,0,150,0,0,0,0,1038,9245,4,3,0,3971,0,0,0,0,0,0,0,378,0,0,0,0,1,0
0,0,0,0,7,314,0,7165,0,0,0,0,2,0,14,0,0,0,0,1012,10318,1,0,0,2731,0,0,0,0,0,1,2,1396,0,0,0,0,0,0
0,0,0,0,0,10,0,9818,0,0,0,0,0,0,0,0,0,0,0,273,5027,0,0,0,142,0,0,0,0,0,0,0,46,0,0,0,0,0,0
0,0,0,0,3,238,0,5428,0,0,0,0,0,0,29,0,0,0,0,655,7837,0,0,0,1879,0,0,0,0,0,0,0,2378,0,0,0,0,0,0
0,0,0,0,0,159,0,3094,0,0,0,0,0,0,8,0,0,0,0,380,4181,0,0,0,1110,0,0,0,0,0,0,0,80,0,0,0,0,0,0
0,0,0,0,5,360,0,12264,0,0,0,0,73,0,1,0,0,0,0,1552,15363,0,0,0,4895,0,0,7,0,0,48,0,834,0,0,0,0,0,0
0,0,0,0,24,28,0,4558,0,0,0,0,0,0,0,0,0,0,0,835,11082,0,0,0,5962,0,0,0,0,0,0,0,1048,0,0,0,0,0,0
0,0,0,0,4,179,0,5564,0,0,0,0,15,0,310,0,0,0,0,861,5697,0,1,0,475,0,0,0,0,0,1,0,349,0,0,0,0,2,0
0,0,0,0,7,1230,0,3481,0,0,0,0,16,0,7,0,0,0,0,1064,6318,0,0,0,3485,0,0,0,0,0,2,0,91,0,0,0,0,0,0
0,0,0,0,16,87,0,5117,0,0,0,0,9,0,14,0,0,4,0,2202,12549,0,0,0,5557,0,37,0,0,0,0,0,205,0,0,0,0,0,0
0,0,0,0,6,106,0,5593,0,0,0,0,1,0,130,0,0,0,0,156,4801,7,0,0,581,0,0,0,0,0,0,0,519,0,0,0,0,2,0
0,0,0,0,35,549,0,2754,0,0,0,0,355,0,1,0,0,0,0,1113,10718,0,0,0,85,0,0,0,0,0,18,5,93,0,0,0,0,0,1
0,0,0,0,9,1088,0,10814,0,0,0,0,0,0,18,0,0,0,0,821,10111,0,0,0,228,0,0,0,0,0,0,3,59,78,0,0,0,0,0
0,0,0,0,10,148,0,7714,0,0,0,0,0,0,0,0,0,0,0,59,2988,0,0,0,8807,0,0,0,0,0,1,0,2702,0,0,0,0,0,0
0,0,0,0,0,23,0,8130,0,0,0,0,0,0,0,0,0,0,0,788,5492,0,0,0,1609,0,0,0,0,0,0,0,620,0,0,0,0,0,0
0,0,0,0,24,189,0,4132,0,0,0,0,0,0,2,0,0,0,0,677,4271,0,0,0,145,0,0,0,0,0,0,0,3799,0,0,0,0,0,0
0,0,0,0,1,1,0,14774,0,0,0,0,0,0,0,0,0,0,0,98,2490,0,0,0,287,0,0,0,0,0,0,0,5730,0,0,0,0,0,0
0,0,0,0,0,108,0,11306,0,0,2,0,0,0,95,0,0,0,0,784,8199,0,0,0,148,0,0,0,0,0,0,38,686,0,0,0,0,1,0
0,0,0,0,11,189,0,16413,0,0,1,0,23,0,46,0,0,0,0,682,4816,2,0,0,2571,0,1,0,0,0,0,0,618,0,0,0,0,0,0
0,0,0,0,26,555,0,10833,0,0,0,0,0,0,0,0,0,0,0,1218,4920,0,0,0,1429,0,0,0,0,0,3,1,17856,0,0,0,0,0,0
0,0,0,0,32,281,0,2469,0,0,0,0,10,0,3,0,0,0,0,1096,4092,0,0,0,407,1,0,0,0,0,3,0,1197,0,0,0,0,1,0
0,0,0,0,1,8,0,1924,0,0,0,0,9,0,7,0,0,0,0,1790,6327,0,1,0,586,2,0,0,0,0,0,0,29,0,0,0,0,0,0
0,0,0,0,3,65,0,3081,0,0,0,0,0,0,17,0,0,0,0,132,3210,0,0,0,2022,0,0,1,0,0,0,1,2039,0,0,0,0,0,0
0,83,0,0,155,482,0,3143,0,0,0,7,43,0,63,0,0,0,0,849,6111,0,2,0,111,0,0,0,0,0,0,0,210,0,0,0,0,0,0
0,0,0,0,3,140,0,7397,0,0,0,0,0,0,0,0,0,0,0,173,11760,0,0,0,2118,0,0,0,0,0,0,0,116,0,0,0,0,0,1
0,0,0,0,26,204,0,5807,0,0,0,0,1,0,365,0,0,0,0,584,7294,0,0,0,3649,0,0,0,0,0,0,0,1072,0,0,0,0,0,0
0,0,0,0,8,501,0,7906,0,0,0,0,1,0,76,0,0,0,0,457,5348,0,0,0,422,0,0,0,0,0,0,0,629,0,0,0,0,0,0
0,0,0,0,5,8,0,7772,0,0,0,0,0,0,21,0,0,0,0,104,3617,0,0,0,3367,0,0,0,0,0,0,0,537,0,0,0,0,0,0
0,0,0,0,14,208,0,2256,0,0,4,0,54,0,2,0,0,0,0,1996,19603,0,0,0,1194,0,0,0,0,0,0,0,3859,0,0,0,0,0,0
0,0,0,0,3,297,0,10497,0,0,0,0,0,0,31,0,0,0,0,547,7395,0,2,0,11958,0,0,0,0,0,3,3,90,0,0,0,0,1,0
0,0,0,0,4,1024,0,5575,0,0,3,0,0,0,31,0,0,0,0,1600,12283,0,0,0,30,0,0,0,0,0,0,0,6038,0,0,0,0,18,0
0,0,0,0,2,734,0,12061,0,0,0,0,0,0,278,0,0,0,0,3052,7725,15,0,0,254,0,0,0,0,0,0,0,192,0,0,0,0,0,0
0,0,0,0,21,209,0,7522,0,0,0,0,0,0,76,0,0,0,0,863,7867,0,0,0,897,0,1,0,0,0,6,0,1839,0,0,0,0,0,0
0,0,0,0,1,8,0,4896,0,0,0,0,4,0,49,0,0,0,0,144,2424,0,2,0,968,0,0,0,0,0,0,0,1785,0,0,0,0,1,0
0,0,0,0,14,55,0,5274,0,0,0,0,0,0,316,0,0,0,0,700,2567,0,0,0,585,0,0,0,0,0,0,0,1061,0,0,0,0,0,0
0,0,0,0,0,1,0,4292,0,0,0,0,2,0,52,0,0,0,0,77,1935,0,0,0,888,0,0,0,0,0,0,2,339,0,0,0,0,1,0
0,0,0,0,31,224,0,508,0,0,0,0,37,0,0,0,0,0,0,984,8110,0,0,0,9700,0,0,15,0,0,0,0,20,0,0,0,0,0,1
0,0,0,0,23,1109,0,13972,0,0,2,0,0,0,34,0,0,0,0,2047,10191,0,0,0,40,0,10,0,0,0,12,0,5701,0,0,0,0,0,0
0,0,0,0,6,90,0,9040,0,0,7,0,0,0,190,0,0,0,0,809,7688,0,1,0,465,0,0,0,0,0,1,0,1060,0,0,61,0,0,0
0,0,0,0,0,32,0,7446,0,0,0,0,30,0,0,0,0,0,0,157,8504,0,2,0,1273,0,0,0,0,0,0,0,2152,0,0,0,0,0,0
0,0,0,0,0,109,0,20170,0,0,0,0,0,0,0,0,0,0,0,202,9196,0,0,0,110,0,0,0,0,0,0,12,25,0,0,0,0,0,0
0,0,0,0,3,50,0,5458,0,0,0,0,15,0,6,0,0,0,0,472,4054,0,0,0,552,0,0,0,0,0,1,0,627,0,0,0,0,2,0
0,0,0,0,1,34,0,1889,0,0,0,0,24,0,59,0,0,0,0,630,3499,2,0,0,28,1,0,0,0,0,0,0,567,0,0,0,0,2,0
0,0,0,0,9,185,0,12339,0,0,0,0,0,0,54,0,0,0,0,624,6128,0,0,0,2830,0,0,0,0,0,0,5,502,0,0,0,0,0,0
0,0,0,4,61,1124,0,1160,0,0,0,0,90,0,3,0,0,0,0,2317,16504,0,0,0,24,0,0,0,0,0,50,2,1890,0,0,0,0,0,0
0,0,0,0,9,42,0,5397,0,0,0,0,0,0,0,0,0,0,0,788,4116,0,0,0,9934,0,0,0,0,0,3,0,2634,0,0,0,0,0,0
0,0,0,0,14,124,0,15279,0,0,23,0,0,0,434,0,0,0,0,462,13236,1,0,0,3125,0,0,0,0,0,0,1,978,0,0,0,0,1,0
0,0,0,0,3,27,0,16547,0,0,0,0,30,0,70,0,0,0,0,122,8894,0,0,0,832,0,0,0,0,0,0,0,1033,0,0,0,0,0,0
0,0,0,0,0,63,0,6163,0,0,2,0,0,0,124,0,0,0,0,265,3223,0,0,0,992,0,0,0,0,0,0,0,330,0,0,0,0,0,0
0,0,0,0,4,245,0,8136,0,0,0,0,0,0,0,0,0,0,0,56,13454,0,0,0,74,0,0,0,0,0,2,0,76,0,0,0,0,0,0
0,0,0,0,8,88,0,7803,0,0,2,0,0,0,0,0,0,0,0,214,3621,0,0,0,281,0,0,0,0,0,0,0,367,0,0,0,0,0,0
0,0,0,0,11,112,0,8636,0,0,0,0,0,0,7,0,0,0,0,362,8896,0,3,0,4512,0,1,0,0,0,0,1,1009,0,0,0,0,0,0
0,0,0,0,1,33,0,1260,0,0,0,0,22,0,0,0,0,0,0,413,6949,0,0,0,352,0,0,0,0,0,0,1,339,0,0,0,0,0,0
0,0,0,0,19,1968,0,7353,0,0,0,0,477,0,8,0,0,0,0,7591,10960,0,0,0,433,0,0,0,0,0,12,3,693,0,0,0,0,0,0
0,0,0,0,3,3,0,461,0,0,13,0,0,0,0,0,0,0,0,675,5623,0,0,0,6787,0,0,0,0,0,1,0,12430,0,0,0,0,0,0
0,0,0,0,31,494,0,10224,0,0,0,0,0,0,99,0,0,0,0,315,4689,0,1,0,842,0,0,0,0,0,0,0,4449,0,0,0,0,0,0
0,0,0,0,0,30,0,3528,0,0,0,0,0,0,49,0,0,0,0,230,2565,0,0,0,704,0,0,0,0,0,0,0,3518,0,0,0,0,0,0
0,0,0,0,1,320,0,8134,0,0,0,0,28,0,12,0,0,0,0,1145,4165,5,0,0,263,0,8,0,0,0,0,1,246,0,0,0,0,1,0
0,0,0,0,11,820,0,5658,0,0,0,0,12,0,60,0,0,0,0,1054,3855,0,0,0,393,0,0,0,0,0,0,0,1030,0,0,0,0,3,0
0,0,0,0,3,812,0,13081,0,0,2,0,0,0,15,0,0,0,0,260,10670,1,0,0,1118,0,0,0,0,0,0,0,229,0,0,0,0,0,0
0,0,0,0,3,170,0,4320,0,0,0,0,0,0,16,0,0,0,0,99,3325,0,1,0,1179,0,0,0,0,0,0,1,395,0,0,0,0,0,0
0,0,0,0,1,136,0,11807,0,0,0,0,0,0,7,0,0,0,0,532,5982,1,0,0,3362,0,0,0,0,0,0,1,101,0,0,0,0,0,0
0,0,0,0,5,279,0,1830,0,0,0,0,4,0,0,0,0,0,0,821,6060,0,0,0,173,0,0,0,0,0,1,0,45,0,0,0,0,23,0
0,0,0,0,3,68,0,8735,0,0,0,0,0,0,503,0,0,0,0,533,7648,0,0,0,2787,0,0,0,0,0,1,0,304,0,0,0,0,0,0
0,0,0,0,2,147,0,10896,0,0,1,0,639,0,49,0,0,0,0,540,5448,2,0,0,674,2,0,0,0,0,0,0,2919,0,0,0,0,0,0
0,0,0,0,17,210,0,4391,0,0,0,0,0,0,9,0,0,0,0,1708,11002,0,0,0,1710,0,0,0,0,0,3,2,9518,0,0,0,0,0,0
0,0,0,0,386,1869,0,2485,0,0,0,0,4,0,3,0,0,0,0,2502,15016,0,0,0,85,0,0,0,10,0,51,0,92,0,0,1,0,0,0
0,0,0,0,2,120,0,11539,0,0,0,0,97,0,21,0,0,0,0,490,12166,1,0,0,1755,0,1,0,0,0,2,0,701,0,0,0,0,0,0
0,0,0,0,4,45,0,7637,0,0,0,0,35,0,3,0,0,0,0,832,10891,10,0,0,1589,0,0,0,0,0,1,0,796,31,0,1,0,2,0
0,0,0,0,0,22,0,7733,0,0,0,0,0,0,77,0,0,0,0,1145,6480,4,0,0,744,0,0,0,0,0,0,0,166,0,0,0,0,0,0
0,0,0,0,2,305,0,6626,0,5,0,0,15,0,10,0,0,0,0,664,11993,0,0,0,444,0,0,6,0,0,0,0,1984,0,0,0,0,0,0
0,0,0,0,0,244,0,21041,0,0,0,0,0,0,234,0,0,0,0,310,7013,0,0,0,4243,0,2,0,0,0,0,0,1640,0,0,0,0,0,0
0,0,0,0,9,234,0,6601,0,0,0,0,1,0,177,0,0,0,0,311,3549,0,1,0,1069,0,0,0,0,0,0,2,660,0,0,0,0,0,0
0,0,0,0,35,719,0,14656,0,0,0,0,0,0,53,0,0,0,0,629,9943,0,0,0,173,0,0,0,0,0,1,0,186,0,0,0,0,0,0
0,0,0,0,10,27,0,9377,0,0,1,0,0,0,39,0,0,0,0,44,4730,0,0,0,2302,0,8,0,0,0,1,0,3418,0,0,0,0,0,0
0,0,0,0,8,107,0,4360,0,0,0,0,8,0,12,0,0,0,0,264,6437,2,0,0,1477,0,0,0,0,0,3,0,1259,0,0,0,0,0,0
0,0,0,0,5,45,0,4467,0,0,0,0,17,0,83,0,0,0,0,1026,4602,22,1,0,388,1,0,0,0,0,0,0,2371,0,0,0,0,3,0
0,0,0,1,9,555,0,6606,0,0,0,0,0,0,45,0,0,0,0,2064,6493,0,0,0,230,0,2,0,0,0,1,2,48,268,0,0,0,0,0
0,0,0,0,1,235,0,10059,0,0,0,0,0,0,0,0,0,0,0,1074,9872,5,0,0,768,0,0,0,0,0,0,6,3433,0,0,0,0,2,0
0,0,0,0,2,65,0,4057,0,0,0,0,0,0,2,0,0,0,0,365,4346,1,0,0,563,0,0,0,0,0,0,0,1974,0,0,0,0,0,0
0,0,0,0,3,173,0,4886,0,0,0,0,153,0,190,0,0,0,0,1292,7045,13,0,0,402,8,0,0,0,0,0,0,217,0,0,0,0,5,0
0,0,0,0,5,8,0,5211,0,0,0,0,2,0,311,0,0,0,0,227,4352,0,0,0,134,0,1,0,0,0,1,0,2668,0,0,0,0,0,0
0,0,0,0,0,19,0,5626,0,0,2,0,0,0,56,0,0,0,0,177,3516,0,0,0,235,0,0,0,0,0,0,0,944,0,0,0,0,2,0
0,0,0,0,2,315,0,13491,0,0,0,0,0,0,7,0,0,0,0,267,3905,0,0,0,197,0,2,0,0,0,0,0,138,0,0,0,0,0,0
0,0,0,0,0,140,0,12018,0,0,0,0,5,0,101,0,0,0,0,943,9791,0,0,0,787,0,2,0,0,0,1,0,308,0,0,0,0,0,0
0,0,0,0,119,697,0,6084,0,0,0,0,0,0,13,0,0,0,0,1232,16130,0,0,0,1145,0,1,0,0,0,0,0,1445,0,0,0,0,0,1
0,0,0,0,8,1061,0,5323,0,0,12,0,10,0,153,0,0,0,0,276,9646,4,0,0,887,6,0,0,0,0,0,0,190,0,0,2,0,0,1
0,0,0,0,28,404,0,4964,0,0,1,0,0,0,17,0,0,0,0,688,6450,0,0,0,405,0,21,0,0,0,0,0,2930,0,0,0,0,0,1
0,0,0,0,0,75,0,7526,0,0,0,0,0,0,4,0,0,0,0,298,4313,0,0,0,577,0,0,0,0,0,0,0,663,0,0,0,0,0,1
0,0,0,0,40,159,0,5116,0,0,0,0,4,0,0,0,0,0,0,1671,12574,0,5,0,4151,0,14,0,0,0,0,4,4996,0,0,0,0,0,1
0,0,0,0,81,438,0,5592,0,0,0,0,2,0,6,0,0,0,0,1460,14427,0,3,0,2617,0,8,0,0,0,0,2,3212,0,0,0,0,0,1
0,0,0,0,3,167,0,7198,0,0,0,0,0,0,0,0,0,0,0,214,11161,0,0,0,1916,0,0,0,0,0,0,0,433,0,0,0,0,0,1
0,0,0,0,0,34,0,9046,0,0,0,0,0,0,2,0,0,0,0,155,2905,0,0,0,98,0,0,0,0,0,0,0,1527,0,0,0,0,0,1
0,0,0,0,3,757,0,8407,0,0,0,0,0,0,51,0,0,0,0,203,8438,0,0,0,221,0,1,0,0,0,2,2,561,0,0,0,0,0,1
0,0,0,0,26,258,0,673,0,0,0,0,23,0,53,0,0,0,0,1388,8921,0,0,0,6284,0,1,9,0,0,0,0,193,0,0,0,0,0,1
0,0,0,0,0,1031,0,3272,0,0,0,0,0,0,12,0,0,0,0,586,2044,0,0,0,173,0,4,0,0,0,0,0,17034,0,0,0,0,0,1
0,0,0,0,8,89,0,9650,0,0,5,0,0,0,398,0,0,0,0,128,3299,0,0,0,114,0,2,0,0,0,0,0,1549,0,0,0,0,1,1
0,0,0,0,15,744,0,2183,0,0,6,0,5,0,178,0,0,0,0,1482,9774,2,0,0,130,3,2,0,0,0,0,0,408,0,0,1,0,0,1
0,0,0,0,39,320,0,7068,0,0,0,0,0,0,4,0,0,0,0,452,13143,0,0,0,1715,0,0,0,0,0,0,0,338,0,0,0,0,0,1
0,0,0,0,113,536,0,828,0,0,0,0,0,0,74,0,0,0,0,1371,4732,0,0,0,197,0,95,0,0,0,2,0,3560,0,0,0,0,0,1
0,0,0,0,74,391,0,5502,0,0,0,0,3,0,5,0,0,0,0,1502,14119,0,3,0,2883,0,9,0,0,0,0,3,3532,0,0,0,0,0,1
0,0,0,0,3,235,0,7553,0,0,0,0,0,0,8,0,0,0,0,177,11247,0,0,0,1825,0,0,0,0,0,0,0,184,0,0,0,0,0,1
0,0,0,0,149,506,0,794,0,0,0,0,0,0,79,0,0,0,0,2416,4081,0,0,0,519,0,102,0,0,0,3,0,3777,0,0,0,0,0,1
0,0,0,0,22,1222,0,5343,0,0,0,0,1,0,12,0,0,0,0,3134,11361,1,2,0,1756,0,6,0,0,0,0,1,7685,0,0,0,0,0,1
0,0,0,0,3,72,0,9224,0,0,5,0,0,0,358,0,0,0,0,157,3306,0,0,0,168,0,2,0,0,0,0,0,423,0,0,0,0,1,1
0,0,0,0,9,1377,0,5007,0,0,15,0,13,0,198,0,0,0,0,305,8610,5,0,0,290,8,0,0,0,0,0,0,281,0,0,3,0,0,1
0,0,0,0,37,158,0,5284,0,0,0,0,4,0,0,0,0,0,0,1560,12514,0,5,0,4001,0,13,0,0,0,0,4,4637,0,0,0,0,0,1
0,0,0,0,125,539,0,1067,0,0,0,0,10,0,84,0,0,0,0,1350,4680,0,0,0,354,0,105,0,0,0,3,0,3961,0,0,0,0,0,1
0,0,0,0,3,247,0,7574,0,0,0,0,0,0,9,0,0,0,0,178,11178,0,0,0,1786,0,0,0,0,0,0,0,193,0,0,0,0,0,1
0,0,0,0,118,529,0,1072,0,0,0,0,12,0,80,0,0,0,0,1304,4632,0,0,0,372,0,99,0,0,0,3,0,4003,0,0,0,0,0,1
0,0,0,0,3,16,0,10134,0,0,0,0,5,0,50,0,0,0,0,183,5790,41,0,0,837,0,6,0,0,0,0,0,1715,0,0,0,0,0,1
0,0,0,0,6,814,0,5188,0,0,8,0,6,0,89,0,0,0,0,441,7502,2,0,0,381,3,0,0,0,0,0,0,1763,0,0,1,0,0,1
0,0,0,0,3,605,0,7364,0,0,0,0,0,0,31,0,0,0,0,325,7776,0,0,0,304,0,1,0,0,0,1,1,1427,0,0,0,0,0,1
0,0,0,0,118,277,0,177,0,0,0,0,6,0,6,0,0,0,0,4482,1875,0,0,0,1202,0,9,0,0,0,0,0,3910,0,0,0,0,0,1
0,0,0,0,0,64,0,7263,0,0,0,0,0,0,50,0,0,0,0,232,3656,0,0,0,205,0,0,0,0,0,0,0,568,0,0,0,0,0,1
0,0,0,0,17,141,0,8029,0,0,0,0,0,0,48,0,0,0,0,258,4121,0,0,0,24,0,0,0,0,0,0,0,5456,0,0,0,0,0,1
0,0,0,0,3,753,0,8426,0,0,0,0,0,0,52,0,0,0,0,201,8419,1,0,0,226,0,2,0,0,0,1,1,569,0,0,0,0,0,1
0,0,0,0,34,520,0,5157,0,0,0,0,3,0,4,0,0,0,0,2190,12176,0,4,0,3371,0,12,0,0,0,0,3,5985,0,0,0,0,0,1
0,0,0,0,15,168,0,6704,0,0,0,0,0,0,35,0,0,0,0,1013,5466,2,1,0,617,9,0,0,0,0,0,1,9852,0,0,0,1,0,1
0,0,0,0,49,583,0,3283,0,0,0,0,301,0,3,0,0,0,0,1120,11620,0,0,0,177,0,0,0,0,0,15,4,216,0,0,0,0,0,1
0,0,0,0,0,65,0,7561,0,0,1,0,0,0,97,0,0,0,0,221,3602,0,0,0,199,0,0,0,0,0,0,0,546,0,0,0,0,0,1
0,0,0,0,3,713,0,8111,0,0,0,0,0,0,46,0,0,0,0,237,8244,0,0,0,245,0,1,0,0,0,1,1,812,0,0,0,0,0,1
0,0,0,0,147,478,0,704,0,0,0,0,0,0,70,0,0,0,0,2725,3788,0,0,0,608,0,91,0,0,0,2,0,3780,0,0,0,0,0,1
0,0,0,0,112,853,0,2008,0,0,6,0,4,0,139,0,0,0,0,1196,5994,1,0,0,280,2,93,0,0,0,2,0,2731,0,0,1,0,0,1
0,0,0,0,23,396,0,1560,0,0,0,0,116,0,102,0,0,0,0,1795,10508,0,0,0,50,0,2,0,0,0,5,1,373,0,0,0,0,0,1
0,0,0,0,42,172,0,5086,0,0,0,0,4,0,0,0,0,0,0,1695,12677,0,5,0,4128,0,14,0,0,0,0,4,5027,0,0,0,0,0,1
0,0,0,0,2,77,0,16458,0,0,0,0,11,0,9,0,0,0,0,65,9403,0,0,0,726,0,0,0,0,0,1,0,3018,0,0,0,0,0,1
0,0,0,0,21,616,0,10863,0,0,0,0,0,0,46,0,0,0,0,615,6715,0,0,0,102,0,98,0,0,0,1,0,7610,0,0,0,0,1,1
0,0,0,0,16,475,0,7467,0,0,0,0,0,0,44,0,0,0,0,921,5135,0,0,0,45,0,0,0,0,0,0,0,5934,0,0,0,0,0,1
0,0,0,0,18,899,0,12490,0,0,4,0,5,0,24,0,0,0,0,1605,10213,0,0,0,242,0,129,0,0,0,1,4,11325,0,0,0,0,1,1
0,0,0,0,0,67,0,7193,0,0,0,0,0,0,4,0,0,0,0,266,3953,0,0,0,358,0,0,0,0,0,0,0,619,0,0,0,0,0,1
0,0,0,0,17,401,0,263,0,0,0,0,0,0,1,0,0,0,0,1134,4153,0,0,0,81,0,1,0,0,0,0,0,3063,0,0,0,0,0,1
0,0,0,0,3,362,0,5768,0,0,0,0,0,0,0,0,0,0,0,510,6691,0,0,0,427,0,0,0,0,0,0,0,2716,0,0,0,0,0,1
0,0,0,0,77,649,0,4286,0,0,0,0,198,0,7,0,0,0,0,1134,13330,0,0,0,353,0,0,0,0,0,10,2,449,0,0,0,0,0,1
0,0,0,0,10,388,0,632,0,0,0,0,19,0,5,0,0,0,0,746,4117,0,0,0,277,0,0,0,0,0,0,0,3696,0,0,0,0,0,1
0,0,0,0,15,694,0,7169,0,0,0,0,0,0,41,0,0,0,0,1401,5969,0,0,0,66,0,0,0,0,0,0,0,6456,0,0,0,0,0,1
0,0,0,0,17,832,0,15308,0,0,0,0,4,0,30,0,0,0,0,820,10002,0,0,0,391,0,149,0,0,0,2,0,8343,0,0,0,0,2,1
0,0,0,0,15,329,0,1756,0,0,0,0,0,0,127,0,0,0,0,1865,9808,0,0,0,98,0,3,0,0,0,0,0,880,0,0,0,0,0,1
0,0,0,0,3,433,0,6184,0,0,0,0,0,0,8,0,0,0,0,464,7037,0,0,0,397,0,0,0,0,0,0,0,2398,0,0,0,0,0,1
0,0,0,0,7,930,0,5618,0,0,11,0,9,0,132,0,0,0,0,262,9947,3,0,0,1062,5,0,0,0,0,0,0,180,0,0,2,0,0,1
0,0,0,0,33,204,0,1873,0,0,0,0,27,0,0,0,0,0,0,1200,9454,0,1,0,8050,0,4,10,0,0,0,1,1547,0,0,0,0,0,1
0,0,0,0,39,235,0,5081,0,0,0,0,4,0,0,0,0,0,0,1807,12506,0,5,0,4027,0,14,0,0,0,0,4,5295,0,0,0,0,0,1
0,0,0,0,17,365,0,1162,0,0,0,0,47,0,16,0,0,0,0,572,3871,0,0,0,667,0,5,0,0,0,1,0,4677,0,0,0,0,0,1
0,0,0,0,10,1458,0,4561,0,0,17,0,15,0,217,0,0,0,0,319,8633,5,0,0,299,9,0,0,0,0,0,0,244,0,0,3,0,0,1
0,0,0,0,1,40,0,8455,0,0,0,0,2,0,26,0,0,0,0,215,4686,19,0,0,505,0,3,0,0,0,0,0,1118,0,0,0,0,0,1
0,0,0,0,153,575,0,1008,0,0,0,0,0,0,99,0,0,0,0,1672,4785,0,0,0,304,0,127,0,0,0,3,0,3771,0,0,0,0,0,1
0,0,0,0,14,110,0,8643,0,0,2,0,0,0,193,0,0,0,0,145,3599,0,0,0,53,0,0,0,0,0,0,0,3644,0,0,0,0,0,1
0,0,0,0,63,122,0,23,0,0,0,0,0,0,2,0,0,0,0,2329,747,0,0,0,590,0,5,0,0,0,0,0,1764,0,0,0,0,0,1
0,0,0,0,12,635,0,10867,0,0,7,0,10,0,10,0,0,0,0,1977,10200,0,0,0,267,0,55,0,0,0,0,7,11908,0,0,0,0,0,1
0,0,0,0,1,48,0,9578,0,0,2,0,0,0,187,0,0,0,0,137,2944,0,0,0,110,0,1,0,0,0,0,0,1151,0,0,0,0,0,1
0,0,0,0,2,695,0,8360,0,0,0,0,0,0,47,0,0,0,0,213,8082,0,0,0,273,0,1,0,0,0,1,1,575,0,0,0,0,0,1
0,0,0,0,6,253,0,175,0,0,0,0,0,0,0,0,0,0,0,553,2674,0,0,0,5,0,0,0,0,0,0,0,1874,0,0,0,0,0,1
0,0,0,0,15,805,0,2356,0,0,7,0,6,0,182,0,0,0,0,1389,9683,2,0,0,144,4,2,0,0,0,0,0,394,0,0,1,0,0,1
0,0,0,0,34,468,0,2194,0,0,0,0,275,0,0,0,0,0,0,1080,10068,0,0,0,2479,0,0,3,0,0,13,3,74,0,0,0,0,0,1
0,0,0,0,129,546,0,1063,0,0,0,0,8,0,87,0,0,0,0,1378,4709,0,0,0,342,0,109,0,0,0,3,0,3935,0,0,0,0,0,1
0,0,0,0,3,319,0,6097,0,0,0,0,0,0,0,0,0,0,0,442,7836,0,0,0,795,0,0,0,0,0,0,0,2193,0,0,0,0,0,1
0,0,0,0,30,248,0,580,0,0,0,0,36,0,4,0,0,0,0,971,8120,0,0,0,9522,0,0,14,0,0,0,0,23,0,0,0,0,0,1
0,0,0,0,2,1,0,16940,0,0,0,0,0,0,0,0,0,0,0,444,6680,0,0,0,1074,0,0,0,0,0,0,4,962,0,0,0,0,0,1
0,0,0,0,31,243,0,639,0,0,0,0,55,0,0,0,0,0,0,991,8262,0,0,0,9136,0,0,14,0,0,1,0,24,0,0,0,0,0,1
0,0,0,0,130,775,0,6238,0,0,0,0,0,0,14,0,0,0,0,1159,16643,0,0,0,697,0,0,0,0,0,0,0,901,0,0,0,0,0,1
0,0,0,0,17,119,0,8077,0,0,0,0,0,0,51,0,0,0,0,158,3928,2,0,0,60,0,0,0,0,0,0,0,4915,0,0,0,0,0,1
0,0,0,0,4,65,0,11272,0,0,6,0,0,0,435,0,0,0,0,173,3657,0,0,0,296,0,2,0,0,0,0,0,425,0,0,0,0,1,1
0,0,0,0,2,18,0,9989,0,0,0,0,4,0,37,0,0,0,0,170,4962,30,0,0,631,0,4,0,0,0,0,0,1730,0,0,0,0,0,1
