sample_ID,Bacteria;Actinobacteriota;Actinobacteria,Bacteria;Actinobacteriota;Coriobacteriia,Bacteria;Bacteroidota;Bacteroidia,Bacteria;Cyanobacteria;Vampirivibrionia,Bacteria;Desulfobacterota;Desulfovibrionia,Bacteria;Firmicutes;Bacilli,Bacteria;Firmicutes;Clostridia,Bacteria;Firmicutes;Negativicutes,Bacteria;Proteobacteria;Gammaproteobacteria,Bacteria;Spirochaetota;Brachyspirae,label
H18090,0,133,7017,32,347,216,4770,175,197,0,1
H18093,10,336,6872,1,61,185,2940,2696,1676,0,0
H18094,8,501,7906,1,76,457,5348,422,629,0,0
H18095,1,108,6404,39,30,334,4649,53,272,0,0
H18096,3,262,5717,0,35,83,3022,1651,143,0,1
H18099,24,148,2929,0,119,362,6513,1369,3377,0,0
H18100,154,586,1042,0,103,1557,4895,271,3771,0,4
H18101,2,262,4651,0,42,494,3267,136,82,0,1
H18105,18,126,7942,0,51,157,3809,11,5103,0,4
H18106,4,15,5009,0,0,112,3624,1026,1754,0,0
H18108,12,374,2454,0,1,843,9935,3426,5566,0,1
H18112,25,219,4264,26,7,559,4939,112,5791,0,1
H18113,8,405,2514,0,247,760,6553,275,765,0,1
H18114,33,577,11565,0,2,1229,5091,2697,1655,0,0
H18115,10,487,3207,0,22,598,5672,5251,116,0,0
H18116,2,485,7099,0,113,538,5390,12,2380,0,1
H18117,7,186,5141,0,6,280,4205,186,3224,0,1
H18118,14,998,3838,14,9,1772,8678,24,466,0,0
H18121,3,170,4320,0,16,99,3325,1179,395,0,0
H18122,0,32,1659,48,0,506,5911,1486,170,0,1
H18124,6,192,7960,14,156,741,5291,414,238,0,0
H18125,29,264,6468,0,0,476,3054,821,815,0,1
H18126,27,322,3505,0,9,306,4629,90,269,0,0
H18127,2,334,3049,56,2,556,4564,525,25,0,0
H18128,4,707,4244,0,27,658,3874,32,168,0,1
H18129,6,301,2021,0,106,589,4240,1971,1581,0,1
H18130,21,287,9403,0,42,769,4361,213,3195,0,1
H18131,86,63,2933,0,37,1827,5588,7706,1206,0,1
H18132,11,227,5067,0,28,2011,6482,2591,307,0,1
H18133,7,96,7691,0,1,664,3759,545,2536,0,1
H18134,8,454,5808,0,0,1553,8623,1058,989,0,0
H18135,6,149,6374,0,73,179,3518,857,665,0,2
H18136,5,44,7482,0,60,422,3283,914,2121,0,1
H18137,1,87,7259,0,93,338,5746,29,792,0,1
H18138,23,368,5096,1,113,574,6868,1169,2106,0,1
H18140,41,392,7245,19,242,1068,5152,362,949,0,0
H18143,2,226,7186,0,96,269,3777,878,161,0,0
H18144,7,223,5395,0,2051,582,3226,622,3268,0,0
H18145,9,524,2843,0,116,1525,3823,306,274,0,1
H18147,0,71,4858,0,34,32,4197,592,253,0,1
H18148,3,78,8635,0,779,973,3790,2294,157,0,0
H18149,4,86,5230,0,0,815,3937,2097,979,0,0
H18150,41,295,7900,0,805,706,5169,1719,479,0,1
H18151,12,386,2098,9,726,838,5326,26,11975,0,0
H18152,0,64,9344,0,72,34,3715,214,2041,0,0
H18154,0,85,6151,0,13,173,2836,832,154,0,1
H18155,10,550,2932,6,1,1618,5384,23,84,0,0
H18157,4,163,6340,0,0,288,3345,298,120,0,0
H18161,4,281,3284,0,2,274,3577,205,2255,0,0
H18162,8,33,6109,1,63,559,5033,1261,423,0,0
H18163,3,69,3919,107,22,153,3958,649,574,0,1
H18164,9,181,11702,0,978,197,2767,1080,448,0,3
H18166,4,326,6941,0,3,414,4740,638,7164,0,0
H18167,9,234,6601,1,177,311,3549,1069,660,0,0
H18170,5,45,4467,17,83,1026,4602,388,2371,0,0
H18172,4,237,5155,0,62,552,9709,37,501,0,0
H18173,7,117,9667,0,184,806,5441,578,5629,0,1
H18174,14,23,7757,0,166,325,4515,5348,226,0,0
H18175,22,991,5479,1,393,788,7401,56,1675,0,1
H18176,178,79,7110,54,13,1709,16509,261,3172,0,1
H18177,7,429,5954,14,15,665,7625,843,325,0,0
H18182,3,348,6642,0,8,47,6001,528,764,0,0
H18185,18,88,8231,0,67,801,4798,2221,966,0,0
H18186,18,343,4382,18,117,388,8404,153,265,0,0
H18187,0,134,9442,83,5,318,4607,380,1426,0,0
H18188,5,44,3725,0,28,66,5073,825,576,0,0
H18189,13,1140,3130,0,68,415,5761,637,68,0,0
H18190,4,282,6101,15,412,1172,6689,576,422,0,2
H18191,4,25,6928,17,76,771,5627,950,2599,0,0
H18192,5,116,3828,57,56,89,2568,6254,732,0,0
H18195,2,642,5375,10,1,1047,9344,1460,400,0,3
H18196,20,928,4236,12,17,1019,7770,89,167,0,0
H18197,5,286,8066,25,42,144,6464,507,176,0,0
H18198,17,45,5200,0,0,882,5638,423,2600,0,1
H18199,0,112,7198,5,7,645,4639,1934,74,0,0
H18200,1,143,4597,0,57,230,3269,50,3060,0,1
H18201,3,173,4886,153,190,1292,7045,402,217,0,0
H18203,5,125,7779,3,127,323,8115,1733,143,0,0
H18204,0,1027,4996,46,282,101,4262,903,441,0,0
H18207,1,56,8816,88,56,64,3450,2870,279,0,1
H18209,0,140,12018,5,101,943,9791,787,308,0,0
H18210,18,1062,7344,0,0,429,13780,7660,115,0,1
H18211,1940,874,7897,0,44,754,5002,303,4167,0,0
H18212,0,167,6799,60,18,1386,6119,21,455,0,0
H18213,11,410,3162,0,62,2084,6275,274,194,0,0
H18216,5,100,13842,0,0,545,10919,3643,328,0,0
H18218,1,9,8829,0,169,23,160,2,11495,0,1
H18219,19,1105,6273,0,6,772,5411,60,4535,0,0
H18221,11,841,4783,0,8,531,4207,4227,157,0,1
H18223,13,63,6717,6,51,366,10706,7367,666,0,0
H18224,3,268,8572,87,3,1081,9039,229,56,0,0
H18225,10,148,7714,0,0,59,2988,8807,2702,0,0
H18226,0,710,10081,9,270,319,6601,2154,6668,0,1
H18227,1,1445,2207,0,3,822,7275,41,6844,0,1
H18228,0,233,5302,0,88,336,4887,533,822,0,2
H18229,6,27,645,0,0,1084,2596,4244,6239,0,0
H18230,1,101,11062,749,6,475,6842,141,548,0,1
H18231,6,90,9040,0,190,809,7688,465,1060,0,0
H18233,2,181,13376,0,21,429,8156,289,328,0,1
H18236,2,69,10778,31,62,1090,8083,159,414,0,0
H18237,1,134,10551,0,2,836,5628,924,2441,0,0
H18240,13,235,1801,0,1179,1036,12783,11231,199,0,3
H18243,6,402,8856,36,57,224,9481,5098,3868,0,1
H18246,1,155,9281,0,1,401,9461,789,3436,0,0
H18247,4,788,11644,0,2,1138,9164,200,120,0,2
H18249,83,697,6949,0,5,962,8584,349,1715,0,0
H18250,5,266,8230,81,0,269,14287,1728,399,0,3
H18251,3,312,4025,79,36,3394,11505,1762,196,0,1
H18252,22,4,7498,0,0,196,2525,0,10787,0,0
H18253,12,406,6065,30,20,568,4019,153,1819,0,0
H18254,14,1192,5812,41,0,1019,11480,593,1795,0,0
H18255,3,194,5983,105,85,506,8717,1335,861,0,0
H18256,4,306,9931,1,2,724,8922,193,218,0,0
H18257,13,413,8600,0,42,520,12092,100,982,0,1
H18260,3,38,11934,0,54,115,4918,280,1288,0,2
H18261,1,62,4158,0,27,194,4287,6442,546,0,0
H18262,6,707,13058,0,32,330,8849,184,329,0,0
H18263,16,82,12758,0,12,144,3227,4157,89,0,0
H18264,2,54,8032,955,18,1766,7310,1048,43,0,1
H18265,4,42,6874,1,65,205,8428,201,2646,0,1
H18266,1,464,15610,0,113,677,11093,207,11145,0,0
H18271,18,1761,5780,0,200,2231,10685,326,315,0,0
H18272,2,759,13049,0,11,340,8189,737,782,0,0
H18274,0,216,8637,0,17,2833,7048,117,143,0,0
H18275,0,45,2800,0,0,2266,4848,12416,10,0,1
H18277,20,201,2595,2,31,422,10701,2035,10,0,0
H18278,6,576,7287,0,19,1448,8265,2836,144,0,3
H18281,11,127,5418,0,13,146,5369,146,751,0,1
H18283,3,25,10195,0,65,155,2922,904,762,0,1
H18284,1,177,7754,0,26,134,2379,3813,1898,0,0
H18286,31,387,9143,0,14,528,4644,1538,2248,0,0
H18288,9,193,2662,0,6,440,8426,163,416,0,0
H18292,6,109,6241,0,15,266,4338,306,44,0,1
H18297,7,349,5596,0,120,823,5752,4287,195,0,1
H18298,1,350,4729,1,124,607,5222,265,213,0,1
H18299,19,615,5559,0,1,3461,6937,108,791,0,1
H18300,4,51,2425,2,1,334,9970,611,3034,0,1
H18302,17,1213,2722,0,85,1328,7302,329,117,0,0
H18303,15,81,5191,0,2,403,7525,1081,309,0,1
H18305,60,592,2419,0,0,922,9559,175,1849,0,1
H18306,17,653,10143,0,220,397,5314,72,937,0,1
H18308,4,546,3506,18,25,157,7567,1009,5567,0,2
H18309,0,32,5086,1,105,132,4947,3132,4439,0,2
H18310,5,83,9479,407,122,198,5353,866,1199,0,1
H18311,0,258,6730,0,437,419,3101,3466,169,0,1
H18312,7,109,6054,0,6,1181,5098,371,315,0,1
H18313,4,569,7849,0,1,877,6357,1139,98,0,1
H18314,28,1348,4753,0,35,4144,11830,122,942,0,1
H18316,4,43,7861,0,0,742,6228,982,829,0,1
H18320,8,470,6212,1,1,479,6107,165,161,0,1
H18324,3,99,7077,0,61,523,3570,82,3065,0,0
H18325,7,508,5821,0,324,341,5611,2271,2795,0,0
H18326,13,652,6859,0,11,1050,6659,1801,18,0,0
H18327,4,65,5824,0,139,800,5976,1957,2692,0,1
H18328,3,28,7132,20,0,43,2925,579,486,0,0
H18330,3,3,461,0,0,675,5623,6787,12430,0,0
H18331,2,154,5878,14,15,301,4140,118,934,0,2
H18332,5,142,5045,0,37,552,6461,333,67,0,0
H18334,5,8,5211,2,311,227,4352,134,2668,0,0
H18335,16,124,1061,0,4,672,12850,4966,319,0,0
H18336,7,154,7778,2,1002,389,3719,434,1220,0,1
H18340,2,450,6739,1,10,957,7087,925,200,0,0
H18341,5,34,6325,187,12,551,5139,699,1099,0,1
H18342,4,369,5741,0,0,517,6759,432,2764,0,4
H18348,36,753,5143,0,19,868,6166,174,2910,0,2
H18349,0,63,6163,0,124,265,3223,992,330,0,0
H18351,0,34,5272,0,4,325,4355,110,889,0,1
H18352,2,104,8244,104,29,187,5542,253,596,0,1
H18353,4,271,4428,6,115,129,4182,976,2639,0,1
H18354,2,31,6147,7,52,261,6377,362,149,0,0
H18356,155,482,3143,43,63,849,6111,111,210,0,0
H18358,39,82,4918,0,5,230,5543,2630,526,0,3
H18359,7,397,1185,32,0,1511,7761,1119,297,0,0
H18360,7,49,6180,13,222,482,2738,627,208,0,0
H18362,3,68,8735,0,503,533,7648,2787,304,0,0
H18363,17,24,2500,0,0,1850,7183,3786,6093,0,0
H18364,5,234,6824,8,200,300,5275,379,2241,0,0
H18367,4,156,4545,2,8,876,7198,695,309,0,0
H18368,1,412,2287,33,55,993,7158,1155,84,0,0
H18369,4,184,2710,0,5,229,3684,1943,206,0,0
H18370,1,46,7190,27,8,222,5637,1729,788,0,0
H18371,3,42,6962,0,0,1250,8869,3548,186,0,0
H18372,3,248,11091,0,266,285,4346,693,498,0,0
H18373,1,51,8040,0,25,327,5263,1225,703,0,0
H18374,10,605,7254,0,23,1637,7583,129,605,0,0
H18379,0,183,2165,17,3,1530,4526,26,210,0,1
H18380,5,373,2565,0,18,901,6258,1443,1379,0,1
H18381,2,101,7121,8,3,250,3167,296,218,0,0
H18382,11,208,6175,0,494,126,3759,2681,677,0,0
H18383,4,132,6698,13,0,72,5765,979,304,0,0
H18384,26,1167,8519,1,1,298,5950,1859,2864,0,0
H18385,17,182,8573,0,0,1587,3504,2256,2409,0,0
H18387,17,654,4902,585,565,248,9105,58,40,0,0
H18389,34,604,3422,0,6,598,6512,785,2021,0,1
H18390,4,315,9455,0,0,813,7197,1759,108,0,0
H18391,7,1230,3481,16,7,1064,6318,3485,91,0,0
H21017,0,32,9214,0,2,148,2841,89,1603,0,4
H21018,4,111,4833,126,105,1646,7056,2616,1476,0,1
H21521,7,45,1916,107,2,148,1892,42,1602,0,2
H21522,4,64,844,6,105,106,2668,53,158,0,1
H21523,6,93,2920,34,1,79,3304,640,17,0,1
H21525,6,325,2009,0,9,792,2414,643,18,0,1
H21526,2,127,5479,0,7,187,2386,41,619,0,1
H21528,6,48,2005,3,15,505,1414,20,3210,0,1
H21529,49,128,4832,0,0,693,3281,2780,495,0,1
H21530,5,66,2994,0,66,189,4033,647,73,0,1
H21531,6,92,1196,0,22,76,3015,412,4144,0,0
H21532,59,398,1382,0,5,905,9300,871,97,0,2
H21533,1,34,1889,24,59,630,3499,28,567,0,0
H21534,5,91,2125,0,5,297,2789,4,3061,0,3
H21535,3,166,2135,0,0,725,2577,1170,2353,0,0
H21536,5,126,4391,0,373,1310,3100,156,240,0,1
H21537,4,87,5909,1,38,413,3523,25,909,0,1
H21538,0,144,1633,0,2,1140,11530,530,32,0,1
H21541,1,225,3526,0,17,423,6648,4515,171,0,0
H21542,13,65,11314,18,34,661,14490,671,540,0,0
H21543,28,223,8169,0,127,306,12299,349,584,0,0
H21544,0,3,5737,0,0,1200,5702,4855,167,0,0
H21545,18,113,8433,507,80,270,5387,282,435,0,0
H21546,3,150,13336,96,1324,649,6689,105,684,0,2
H21547,5,420,5803,0,7,836,5397,21,115,0,0
H21548,13,51,9742,0,33,246,2706,156,830,0,3
H21549,2,87,2931,34,172,2390,5240,89,134,0,0
H21550,1,241,4429,8,15,322,7189,360,1301,0,0
H21552,25,344,6042,0,5,972,11090,233,112,0,0
H21553,4,102,6264,3,45,327,4396,317,1779,0,0
H21554,15,56,5461,0,0,394,6115,4529,1015,0,1
H21556,7,153,7720,0,205,420,4914,220,53,0,0
H21557,17,283,1127,0,6,753,6886,359,84,0,3
H21558,57,699,5324,0,4,1084,6838,235,400,0,1
H21560,8,160,5472,33,24,494,5462,130,502,0,0
H21561,30,731,4946,0,24,2121,6115,36,144,0,1
H21562,24,314,8177,0,26,384,4689,130,1515,0,3
H21563,13,224,2784,0,6,1424,9787,152,670,0,0
H21564,18,266,6258,659,33,505,5975,210,3935,0,1
H21565,10,252,7449,4,4,508,8383,1255,591,0,0
H25735,9,280,8132,0,216,500,7363,598,17194,0,1
H25736,117,1114,4947,0,59,1479,4801,571,1288,0,1
H25737,4,141,6973,47,153,192,5899,84,492,0,1
H25740,7,78,4888,3,22,339,5237,394,6119,0,0
H25741,6,229,9143,0,205,1672,5441,360,6970,0,1
H25743,51,1103,2657,0,22,715,22533,204,3359,0,1
H25744,6,432,5550,0,234,241,3841,7856,5261,0,1
H25745,17,264,7998,0,0,583,4589,4283,1937,0,1
H25748,17,400,3226,204,5,326,10082,8370,1949,0,0
H25750,2,48,8328,85,86,494,3725,568,59,0,2
H25751,4,324,10561,0,0,255,6861,997,1833,0,0
H25756,27,722,1371,2,1,1094,4130,3502,783,0,1
H25757,25,2074,6695,0,14,2646,6699,1638,3493,0,1
H25758,57,273,12649,0,388,58,4811,1680,7010,0,0
H25760,11,328,10622,1,17,1030,7333,160,4769,0,0
H25761,6,71,11144,4,53,228,6048,4017,135,0,1
H25763,16,92,10074,6,94,230,5119,1172,4665,0,1
H25764,8,68,8238,0,0,672,7015,2113,1150,0,0
H25765,2,65,4967,13,23,464,5506,2758,3960,0,1
H25766,1,94,3451,12,0,389,5556,55,438,0,1
H25767,16,239,4768,0,101,525,6623,1522,3203,0,3
H25768,4,2012,8082,3,109,336,6749,209,2236,0,1
H25769,9,717,3422,0,34,2076,4643,4136,337,0,1
H25770,7,326,4332,0,5,1165,5937,2397,123,0,0
H25771,23,660,6141,0,40,1297,8531,720,517,0,0
H25772,6,231,3370,30,6,412,6363,3127,232,0,1
H25773,4,35,13909,7,131,188,9263,553,1126,0,0
H25774,4,85,7558,21,35,300,9672,2436,441,0,1
H25775,0,170,3658,0,0,1616,3815,15557,276,0,4
H25776,8,134,6747,0,0,778,4914,1057,2180,0,1
H25777,3,89,7416,0,53,249,6266,1298,1781,117,0
H25778,11,433,4370,21,12,1292,7916,1111,22,0,0
H25779,13,135,6737,3,89,682,7015,191,238,0,1
H25780,2,153,7047,43,9,268,5370,950,4719,0,0
H25781,5,555,5299,3,143,340,6763,2619,14285,0,1
H25782,11,766,8585,0,31,1102,5117,100,15503,0,0
H25786,12,304,4929,0,140,1640,5109,1595,339,0,0
H25787,29,682,6211,0,71,320,6777,2229,1056,0,0
H25788,13,205,8327,1,90,114,6858,287,1086,0,1
H25789,11,179,2056,139,64,867,11156,3319,13469,0,2
H25790,10,274,6472,0,52,1142,11639,471,2169,0,1
H25791,2,18,7820,0,2,396,8867,2603,317,0,0
H25792,8,140,8587,0,95,1782,7981,2518,6821,0,0
H25794,48,337,7388,6,6,987,6737,583,1799,0,0
H25795,16,146,9603,8,356,732,10465,978,166,0,1
H25796,5,104,6986,0,1,460,7640,1641,1537,0,0
H25797,8,325,7246,63,54,1280,13604,5052,770,0,1
H25798,1,229,9521,0,3,252,3694,10273,118,0,0
H25799,20,671,8628,0,213,150,6961,1658,1553,0,0
H25800,8,282,8744,63,113,432,8021,631,1345,0,0
H25801,21,836,9777,0,0,1077,6303,695,4325,0,0
H25802,6,49,8674,0,6,357,4787,420,601,0,1
H25803,15,193,9981,0,23,177,5597,1166,106,0,2
H25804,2,264,4556,0,7,942,6382,722,148,0,2
H25805,9,392,6594,0,19,255,9453,1178,473,0,0
H25806,5,176,6830,28,17,861,7850,3789,727,0,1
H25807,8,511,7467,0,59,153,6702,635,1520,0,0
H25808,2,179,7385,0,113,86,3455,487,1229,0,0
H25809,26,359,5069,5,23,2194,8749,3514,151,0,1
H25810,1,34,6866,0,14,164,4379,608,291,0,0
H25811,2,66,7543,1,84,305,5549,584,1249,0,0
H25813,9,240,5537,50,2,252,9480,5181,149,0,1
H25815,13,404,5471,1,19,871,13060,158,282,0,1
H25816,11,1499,4340,16,227,326,8645,304,226,0,4
H25817,3,1029,12479,97,108,325,7279,106,1166,0,1
H25818,3,146,18128,0,0,1555,8565,4151,2160,0,0
H25819,27,522,8536,0,2,720,6703,920,14316,0,1
H25821,0,46,6848,52,35,1760,8404,4296,1702,0,1
H25822,4,22,13623,9,12,153,6367,3133,1622,0,1
H25823,3,812,13081,0,15,260,10670,1118,229,0,0
H25825,90,29,16563,0,30,2784,16010,689,2490,0,1
H25829,0,32,7446,30,0,157,8504,1273,2152,0,0
H25830,7,390,8869,1,272,1041,11701,3630,1077,0,0
H25831,11,72,8175,0,150,1038,9245,3971,378,0,0
H25832,3,345,4373,4,6,1340,4442,3680,195,0,2
H25833,14,181,4415,3,6,649,6129,359,5431,0,0
H25836,3,91,8811,1,32,991,8325,1594,1169,0,0
H25837,27,2349,4163,0,80,3013,8890,209,417,0,1
H25838,1,1,14774,0,0,98,2490,287,5730,0,0
H25839,11,181,6439,0,0,570,7910,5245,7604,0,1
H25841,3,523,8048,0,0,38,4486,2059,67,0,0
H25842,159,594,1898,0,0,3391,4907,280,13279,0,0
H25843,3,116,6790,192,59,190,5656,365,1688,0,1
H25844,2,0,10,0,0,4,12,2,15,0,4
H25845,7,259,7458,112,965,715,13087,2552,5896,0,1
H25846,11,48,4553,0,64,899,10471,6525,3693,0,1
H25847,9,1088,10814,0,18,821,10111,228,59,78,0
H25848,8,1262,7225,37,17,628,6253,2978,604,0,1
H25849,9,130,8972,4,6,956,10762,1353,83,0,1
H25852,2,312,5320,1,24,350,7411,837,26,0,0
H25856,9,58,11915,782,115,180,7587,2032,1662,0,1
H25857,9,518,12649,0,47,152,7190,693,1964,0,0
H25858,24,130,9205,0,27,968,9928,791,1273,0,1
H25859,17,312,6291,0,0,716,14040,4158,7400,0,0
H25861,2,274,10260,1,115,533,8542,2392,1799,0,2
H25862,3,27,16547,30,70,122,8894,832,1033,0,0
H25863,16,362,7586,0,0,475,10515,2422,9434,0,2
H25865,10,243,7973,0,62,606,14608,318,6775,0,1
H25866,3,269,5683,4,141,1548,8347,1165,7793,0,1
H25869,2,80,9083,8,5,1065,7556,544,5864,0,2
H25872,20,24,12393,0,46,849,4330,6912,2151,0,1
H25873,0,10,9818,0,0,273,5027,142,46,0,0
H25874,14,166,9304,8,253,1696,10769,1167,7597,0,3
H25876,4,33,19425,1,86,241,8344,927,2500,0,1
H25877,3,99,12239,3,0,2070,10169,100,343,0,1
H25880,2,66,7984,106,154,1065,5187,205,1415,0,0
H25881,14,229,6473,3,0,1021,14271,600,287,0,0
H25882,4,47,3456,0,33,553,9434,5335,1664,0,1
H25883,19,101,7611,0,135,704,9588,10391,200,0,0
H25884,10,36,10348,1199,64,280,5849,1085,856,0,1
H25886,15,190,14661,16,209,2022,8990,2381,1676,0,0
H25887,35,248,5888,0,11,1825,14025,1213,473,0,3
H25888,24,65,16083,0,47,567,5558,3266,4217,0,1
H25889,7,215,10005,533,179,673,10702,2091,4132,0,0
H25895,18,119,7062,28,26,988,5696,317,8060,0,0
H25897,3,77,16065,0,0,364,4939,80,163,0,2
H25898,7,135,9619,0,50,178,8018,111,806,0,0
H25900,5,152,13941,20,1,517,9590,4453,92,0,0
H25901,4,13,10341,6,54,180,5926,878,1789,0,4
H25902,5,373,6742,0,0,894,4543,30,24,0,1
H25903,3,180,3144,0,0,114,7853,2078,96,0,0
H25904,12,275,3912,0,12,284,9015,2659,1450,0,0
H25905,1,107,6262,0,288,503,8057,8840,1029,0,0
H25907,10,16,12653,95,0,345,10244,5955,196,0,1
H25908,12,160,4633,33,314,567,6850,5075,9186,0,1
H25909,4,39,11463,0,8,216,4023,928,2140,0,0
H25910,2,265,7649,6,267,326,6599,656,5177,0,2
H25911,20,176,8591,0,93,1255,7779,415,1004,0,1
H25912,7,35,8093,54,0,113,4227,581,72,0,0
H25913,11,112,8636,0,7,362,8896,4512,1009,0,0
H25915,15,157,15136,23,4,955,10518,95,3099,0,1
H25916,0,244,21041,0,234,310,7013,4243,1640,0,0
H25917,22,175,5000,0,42,142,2272,448,6530,0,0
H25918,3,6,5289,2,18,120,5704,1749,199,0,0
H25919,14,340,6138,0,0,182,5006,1936,92,0,1
H25920,3,54,4612,17,5,296,3743,1332,29,0,0
H25921,26,204,5807,1,365,584,7294,3649,1072,0,0
H25922,39,23,8295,0,0,84,1860,6441,593,0,0
H25926,19,569,8300,2,1,175,9654,722,1257,0,0
H25928,21,105,18873,75,89,843,13699,3225,251,0,1
H25937,25,275,16927,8,139,482,17079,174,227,0,1
H25939,12,246,9731,0,0,1362,10438,10801,5102,0,0
H25940,6,703,10586,0,8,634,9339,121,3743,0,1
H25941,5,18,17061,7,0,289,12231,1903,173,0,1
H25942,3,79,15418,0,0,356,11846,926,370,0,0
H25947,0,703,8541,4,17,373,9903,76,310,0,2
H25948,23,718,11909,0,40,254,7413,1172,3461,0,0
H25949,37,1633,1699,0,49,1055,8629,7963,769,0,1
H25951,12,54,8488,0,0,346,6162,1985,1264,0,0
H25952,0,149,5551,6,36,1469,8470,1035,725,0,0
H25955,5,1235,11689,0,182,656,11217,4023,576,0,1
H25956,2,41,11351,23,61,505,10427,3843,635,0,1
H25959,13,873,3982,0,103,1878,10283,61,7973,0,0
H25960,32,69,3696,30,5,1641,10222,67,5147,0,0
H25961,20,304,730,0,0,1131,5502,7940,12568,0,0
H25963,6,206,9554,17,29,1166,12683,586,387,0,0
H25967,15,131,8457,0,19,422,5583,2444,2020,0,1
H25970,16,110,15133,68,0,424,7547,2646,3682,0,0
H25971,23,1109,13972,0,34,2047,10191,40,5701,0,0
H25972,4,129,7187,0,44,725,12435,4943,394,0,0
H25973,9,555,6606,0,45,2064,6493,230,48,268,0
H25974,4,176,10770,0,76,383,8122,1196,272,0,2
H25975,34,1411,5979,0,22,343,8853,243,139,0,0
H25976,14,137,6234,0,51,557,3425,112,8398,0,1
H25978,11,419,15043,0,6,832,12533,2493,1704,0,0
H25979,3,758,8415,0,52,202,8435,222,562,0,4
H25980,5,66,12051,0,42,299,5262,962,9659,0,1
H25981,17,357,9857,0,34,4193,7496,109,161,0,0
H25982,9,47,3757,1,38,6964,9434,1365,34,0,0
H25983,4,179,5564,15,310,861,5697,475,349,0,0
H25985,14,38,13526,0,0,233,10420,33,354,0,0
H25986,3,1627,4610,706,5,3654,20354,7109,199,0,1
H25987,15,315,4452,0,14,2369,5721,105,1818,0,0
H25988,9,185,12339,0,54,624,6128,2830,502,0,0
H25989,2,147,10896,639,49,540,5448,674,2919,0,0
H25990,3,85,9461,24,0,449,12390,18,4787,0,3
H25991,6,1094,2993,0,74,849,5208,782,11063,0,1
H25992,3,52,5625,33,383,533,5935,317,103,0,0
H25994,12,179,4488,0,7,388,9235,12380,62,0,1
H25995,57,288,6870,0,0,8065,22065,363,2105,0,0
H25996,10,633,10045,3,168,245,10758,4813,7046,0,2
H25997,3,1589,1465,0,0,370,8446,1050,9546,0,0
H25998,39,212,1870,0,0,2074,5619,1088,12106,0,0
H26001,44,488,7622,487,35,899,9318,1305,8494,0,0
H26003,5,66,10422,282,88,112,8870,2792,151,73,0
H26004,17,567,12719,0,110,2360,5934,334,11855,0,0
H26005,3,153,10015,0,0,672,6864,28,10,0,0
H26010,60,1404,4791,0,1,152,13840,9553,2499,0,2
H26011,30,404,12356,0,208,925,8148,1308,627,0,0
H26013,6,25,5061,0,8,280,3395,93,228,0,1
H26014,2,59,7675,0,5,587,7186,507,853,0,1
H26015,6,59,5796,0,14,866,4696,413,6722,0,1
H26016,4,81,7199,0,6,185,6913,145,1870,0,0
H26017,15,208,9059,179,33,2949,18272,414,7993,0,1
H26021,21,734,8191,0,37,497,2997,1313,525,0,2
H26022,3,194,6158,0,44,375,4376,929,5787,0,1
H26023,2,186,7066,1,290,193,3551,2364,1028,0,1
H26024,24,189,4132,0,2,677,4271,145,3799,0,0
H26025,3,1761,4283,0,3,59,5981,209,193,0,3
H26026,17,552,1582,2,0,1251,5767,4786,68,0,0
H26027,4,98,3467,6,13,484,1594,3414,7177,0,1
H26028,0,327,7582,0,1,63,6790,25,25,0,0
H26029,12,21,9458,0,2,202,5402,314,90,0,1
H26031,16,961,5566,7,13,721,8486,880,630,0,0
H26033,14,53,6560,0,17,125,6323,1806,3102,0,1
H26034,6,36,9265,27,28,1603,5281,2,5802,0,0
H26035,8,165,2610,32,3,133,4472,4227,5734,0,0
H26036,9,288,12807,0,45,200,6376,165,87,0,0
H26037,14,1342,3054,0,165,527,6373,4571,351,0,0
H26039,5,153,3592,6,14,1232,5150,152,110,0,0
H26040,6,106,5593,1,130,156,4801,581,519,0,0
H26041,5,77,10227,0,516,119,3128,149,350,0,4
H26042,4,29,4090,0,10,842,6127,5488,99,0,0
H26043,0,40,3140,0,15,441,8153,4281,452,0,0
H26044,4,360,7034,0,4,476,8028,1037,1205,0,1
H26045,39,714,7390,0,13,1096,6905,236,6521,0,0
H26047,9,180,7995,2,297,903,7410,1296,353,0,2
H26048,63,664,7429,0,3,532,6541,895,1331,0,2
H26050,8,210,6075,0,17,80,6163,381,9048,0,1
H26052,6,359,10758,0,0,227,5428,908,1570,0,0
H26053,11,385,3620,0,23,199,10809,6710,103,0,1
H26054,134,266,39,0,6,5034,1603,1275,3798,0,4
H26055,13,164,3762,0,0,267,8549,2392,7291,0,2
H26059,16,581,3743,0,26,899,6505,1367,487,0,0
H26060,5,209,3639,0,0,76,4063,3069,774,0,0
H26061,7,74,7047,1,0,209,2566,26,2454,0,0
H26062,8,25,8266,6,30,81,2393,416,249,0,0
H26063,18,390,5591,0,24,297,6717,285,2243,0,0
H26065,19,518,5637,29,24,1157,6611,90,125,0,0
H26066,5,172,3818,0,0,503,9552,2613,224,0,0
H26068,37,12,1165,0,0,1706,5804,3563,5297,0,1
H26070,18,322,976,0,152,2130,10406,33,511,0,4
H26072,11,820,5658,12,60,1054,3855,393,1030,0,0
H26073,2,16,7140,0,21,279,2596,1418,5209,0,0
H26074,1,134,4412,5,13,711,5125,131,5584,0,0
H26075,4,110,6553,0,10,198,3685,3224,7637,0,0
H26076,3,30,7892,3,372,316,6453,4604,701,0,0
H26077,14,30,502,0,22,347,6495,3315,345,0,0
H26079,3,144,6648,66,19,648,4992,55,249,0,1
H26081,7,87,14029,0,332,49,3658,197,450,0,0
H26082,26,1314,5003,0,16,1826,14092,86,2080,0,1
H26083,2,97,6068,32,1,715,14575,1342,109,0,0
H26084,6,182,8282,5,62,312,4974,1354,1663,0,0
H26085,9,173,3278,0,15,1081,6698,63,7341,0,1
H26087,9,23,3522,271,49,987,3943,1067,2882,0,0
H26088,4,26,7274,0,4,158,5535,401,62,0,1
H26090,8,253,2173,0,0,336,6052,3855,39,0,2
H26091,5,279,1830,4,0,821,6060,173,45,0,0
H26092,6,78,7072,0,76,813,3261,824,320,0,0
H26093,10,32,6379,2,0,644,4519,1627,450,0,1
H26094,0,9,6923,0,40,344,2476,448,6592,0,0
H26095,25,282,6284,0,294,454,4166,434,131,0,1
H26096,5,107,5683,0,1,162,9817,1697,186,0,2
H26100,23,82,9194,0,1,178,3391,1548,2498,0,0
H26102,0,81,1710,6,357,669,5282,50,869,0,0
H26103,42,622,5246,0,0,823,6583,128,1553,0,0
H26104,12,68,495,0,4,994,7107,14,291,0,0
H26105,16,375,6901,0,83,353,3666,247,1471,0,1
H26106,5,358,3825,0,2,293,4984,720,5986,0,0
H26107,31,914,3618,0,41,1853,9489,3266,1594,0,0
H26108,2,1180,1918,12,115,628,4720,332,4104,0,1
H26110,3,304,4079,0,0,989,4101,105,1132,0,1
H26112,0,282,4448,0,0,407,5098,30,1330,0,2
H26113,4,92,5677,0,143,432,7694,893,42,0,0
H26114,5,100,4682,8,1085,142,4454,518,1089,0,0
H26557,1,39,6725,0,0,194,6583,1363,37,0,0
H26559,13,252,4878,0,9,260,3227,24,844,0,1
H26566,2,39,3778,11,49,235,3403,438,359,0,1
H26567,4,33,5983,0,15,192,2333,14,550,0,1
H26568,0,46,4097,2,22,236,2749,787,302,0,1
H26571,2,106,4873,0,33,183,4407,1628,1331,0,0
H26572,0,1,4292,2,52,77,1935,888,339,0,0
H26574,2,24,3978,0,6,66,2765,140,1409,0,3
H26575,11,281,3319,0,93,128,4757,2197,21,0,0
H26580,18,266,825,0,0,747,3850,4531,1597,0,1
H26581,4,23,2954,2,0,1028,3682,1151,214,0,1
H26583,8,262,199,0,1,4056,2228,2997,61,0,0
H26584,12,392,1418,0,128,439,3873,532,84,0,2
H26585,2,179,2024,0,1,904,4104,31,505,0,0
H26587,12,165,2934,0,164,231,3602,482,1979,0,0
H26588,10,339,1453,27,57,1106,4188,612,5614,0,1
H26589,8,524,2504,0,7,972,4027,684,3872,0,0
H26590,5,303,4642,0,38,998,1915,66,1793,0,0
H26591,0,1,3631,8,0,285,2893,6,1551,0,0
H26593,15,177,4159,109,27,145,3533,74,118,0,1
H26596,6,132,6720,0,130,592,2687,218,390,0,0
H26599,1,127,3620,18,62,463,4158,304,795,0,1
H26603,3,223,3162,0,9,25,3527,48,1264,0,0
H26605,6,117,2744,13,72,890,4081,98,241,0,0
H26607,0,85,3343,0,42,106,2231,427,1088,0,0
H26608,10,410,277,0,1,892,4312,7,3018,0,4
H26609,3,44,3309,0,10,195,3657,235,97,0,0
H26611,0,26,3921,0,1,9,1811,710,248,0,1
H26613,14,55,5274,0,316,700,2567,585,1061,0,0
H26614,11,356,1168,50,13,528,3825,686,4719,0,4
H26615,9,102,1571,8,12,577,4360,518,23,0,3
H26619,1,234,3689,0,0,384,6330,9,335,0,1
H26621,1,22,1979,4,4,493,4852,187,175,0,0
H26624,8,3,4003,0,141,45,2342,598,80,0,0
H26625,1,18,4227,18,0,114,2873,373,395,0,0
H26626,12,139,2022,0,9,286,2567,2337,32,0,1
H26628,0,30,3528,0,49,230,2565,704,3518,0,0
H26629,5,127,2861,0,43,431,2653,1120,61,0,1
H26632,93,967,431,0,1,1722,2769,34,2776,0,1
H26683,24,102,3992,0,0,1335,13288,732,96,0,0
H26684,10,27,9377,0,39,44,4730,2302,3418,0,0
H26685,8,44,7472,0,24,51,3492,796,1230,0,0
H26686,1,46,5173,0,28,754,7599,1064,1113,0,0
H26688,17,99,9942,0,15,417,5736,55,2994,0,1
H26690,35,549,2754,355,1,1113,10718,85,93,0,4
H26691,2,62,5817,16,58,178,3805,1326,215,0,0
H26692,8,86,4224,6,100,194,4287,93,373,1,0
H26693,9,42,5397,0,0,788,4116,9934,2634,0,0
H26694,54,485,1180,0,0,1922,6899,336,353,0,1
H26695,24,28,4558,0,0,835,11082,5962,1048,0,0
H26697,8,126,5868,3,0,479,7653,8,1682,0,0
H26699,9,210,386,0,11,241,6135,2543,1388,0,0
H26700,3,11,9791,0,0,180,12461,46,92,0,1
H26701,9,106,5131,0,67,84,4653,3574,792,0,0
H26702,0,63,6967,0,4,244,3709,211,590,0,4
H26703,6,75,3546,0,0,500,4424,3573,99,0,1
H26704,0,208,3666,0,1,302,5429,775,2501,0,0
H26705,1,8,1924,9,7,1790,6327,586,29,0,0
H26706,1,320,8134,28,12,1145,4165,263,246,0,0
H26709,1,11,5381,6,17,950,3127,425,367,0,0
H26712,8,88,7803,0,0,214,3621,281,367,0,0
H26713,0,44,6165,0,5,551,3515,1035,210,0,0
H26714,7,203,1054,5,9,445,6827,184,3010,0,0
H26715,2,22,4254,1,13,78,3746,627,2698,0,0
H26716,2,293,2667,4,13,336,4602,1281,2146,0,1
H26718,1,115,5454,0,7,110,5628,932,63,0,0
H26719,2,114,3762,1,64,239,4219,22,742,0,1
H26720,39,16,1503,0,0,207,3220,1232,323,0,0
H26721,5,3,5578,0,2,215,3230,3487,1721,0,0
H26723,12,143,4631,2,0,1015,3669,573,177,0,1
H26725,6,218,3392,0,0,2197,7563,511,131,0,0
H26727,14,153,6693,0,14,576,4503,165,176,0,1
H26729,13,24,3935,0,7,30,6281,2355,25,0,0
H26731,5,190,2863,0,45,2296,11206,255,115,0,0
H26732,1,58,2570,6,56,899,6828,2257,184,0,0
H26738,1,66,7111,0,53,3566,12401,193,120,0,0
H26739,31,224,508,37,0,984,8110,9700,20,0,4
H26740,0,32,5080,0,5,206,4480,1250,27,0,0
H26741,8,166,6535,21,3,452,6281,302,49,0,1
H26742,2,13,8494,16,9,225,5858,3833,1438,0,0
H26743,17,84,787,0,0,137,4466,12617,1832,0,1
H26744,15,397,4401,0,15,457,4390,78,8760,0,3
H26745,1,380,3844,0,13,191,3827,29,575,0,1
H26747,7,15,2174,0,0,286,11596,1521,724,0,1
H26749,2,63,6718,0,0,277,2999,904,583,0,1
H26750,7,123,3474,0,0,2678,10155,204,912,0,0
H26751,7,262,4537,0,3,488,4762,39,1943,0,1
H26752,7,105,7207,0,1,524,3425,185,144,0,0
H26754,0,23,8130,0,0,788,5492,1609,620,0,0
H26755,15,20,6691,0,0,767,3840,2737,508,0,1
H26756,9,196,5504,1,457,1717,7974,627,199,0,0
H26757,8,107,4360,8,12,264,6437,1477,1259,0,0
H26759,24,1297,381,0,0,4171,3621,495,4103,0,2
H26760,4,405,5572,7,39,209,6419,1076,118,0,1
H26761,4,298,2653,0,13,938,4093,2783,633,0,0
H26762,9,81,4432,42,4,854,10709,6323,80,0,1
H26763,2,154,5311,0,2,558,6006,188,170,0,1
H26764,10,722,3591,0,12,387,7565,49,1561,0,3
H26765,2,315,13491,0,7,267,3905,197,138,0,0
H26766,2,12,13399,0,7,129,4427,166,84,0,0
H26769,32,281,2469,10,3,1096,4092,407,1197,0,0
H26770,6,28,9030,0,30,273,3639,1958,277,0,0
H26771,2,80,1181,0,0,1508,7701,206,16,0,1
H26773,9,96,10296,0,4,592,3211,2186,155,0,0
H26774,9,517,5413,0,2,320,3159,2689,345,0,3
H26775,3,229,9673,12,6,191,4501,696,146,0,1
H26776,3,33,5688,2,38,260,5639,771,2011,0,0
H26778,23,316,3919,9,0,841,5429,148,267,0,3
H26779,16,65,4659,0,163,310,4001,2050,410,0,1
H26780,1,93,7931,41,582,294,3808,113,2041,0,0
H26781,17,342,2364,0,16,1101,8758,334,1016,0,3
H26783,3,237,2213,9,34,595,7832,663,17,0,0
H26785,14,673,555,0,15,182,5746,3732,296,0,0
H26786,13,683,1635,0,9,733,6303,255,1626,0,0
H26787,3,157,2979,1,6,339,4613,510,1328,0,1
H26789,2,455,4185,68,26,220,4202,34,1387,0,1
H26790,5,55,5025,0,1,754,3076,1328,3281,0,1
H26793,3,224,2727,5,207,509,3376,588,3009,0,0
H26794,0,364,1005,0,6,263,6389,5476,73,0,2
H26795,8,339,3882,0,7,806,3841,111,158,0,1
H26797,15,318,1294,0,0,148,8131,2032,1008,0,0
H26798,7,48,8311,0,18,168,2958,149,1536,0,1
H26799,5,397,4956,42,1,1673,4309,17,237,0,1
H26800,2,33,4583,5,35,1708,5194,15,120,0,0
H26801,0,5,4600,4,5,27,3579,423,11,0,1
H26803,2,190,5750,50,83,621,4053,558,415,0,1
H26804,4,47,1747,0,3,224,9544,3603,700,0,1
H26805,0,35,5729,2,9,116,2719,80,1692,0,1
H26807,14,134,2887,0,1,1216,5981,69,428,0,2
H26809,1,65,5648,6,17,420,5078,2011,472,0,0
H26810,8,295,910,6,2,1309,4652,1939,220,0,1
H26813,5,151,3146,0,139,1201,4250,2997,297,0,1
H26814,5,507,1056,0,55,1308,5098,27,1747,0,1
H26816,1,78,4096,0,0,110,3401,739,37,0,1
H26819,4,30,4658,0,2,64,2948,2533,1552,0,1
H26820,5,25,5654,0,93,274,3798,620,1106,0,1
H26821,2,99,3532,17,1,466,5391,17,53,0,1
H26822,3,556,2099,28,126,584,6305,218,77,0,1
H26823,3,145,5112,1,7,870,4129,85,1365,0,2
H26824,11,138,6495,9,22,239,3771,387,187,0,1
H26825,3,65,3081,0,17,132,3210,2022,2039,0,0
H26826,1,89,4704,56,14,462,2105,114,4720,0,1
H26827,4,532,2670,116,1,343,4953,531,127,0,2
H26828,6,249,3372,0,0,139,5966,1428,1958,0,0
H26829,0,159,3094,0,8,380,4181,1110,80,0,0
H26830,0,67,3444,0,0,99,2793,2181,0,0,2
H26832,13,326,6004,0,27,1257,8583,170,721,0,2
H26834,2,418,122,0,0,508,8761,450,1790,0,0
H26835,20,245,3080,0,135,451,2327,497,6633,0,0
H26838,1,84,2350,0,0,590,4675,1177,696,0,1
H26839,0,54,4826,0,0,153,1810,413,4866,0,0
H26840,10,50,4628,0,6,195,2186,1317,399,0,2
H26841,0,2,4451,9,70,53,4556,1157,375,0,0
H26843,2,70,4410,0,14,152,3807,113,20,0,2
H26844,11,50,5236,0,51,395,4651,879,459,0,1
H26845,8,118,4498,0,0,88,4038,2274,1249,0,0
H26846,3,13,6661,4,65,92,2658,466,5854,0,0
H26848,1,14,4108,390,5,581,2551,320,170,0,0
H26850,17,275,3119,685,32,3030,6214,768,5024,0,0
H26851,1,33,1260,22,0,413,6949,352,339,0,0
H26852,8,12,15009,0,0,161,2816,279,1300,0,1
H26853,11,209,6029,0,16,249,3022,81,708,0,0
H26854,0,37,5555,205,19,1626,3450,56,847,0,0
H26855,3,46,4095,18,1,231,1632,1000,5625,0,0
H26856,20,123,989,0,0,10267,8526,116,3899,0,0
H26858,20,160,5968,3,32,305,5772,1526,599,0,0
H26859,0,81,1250,2,1,261,5684,338,3689,0,1
H26860,1,8,7835,0,0,14,1852,377,793,0,0
H26862,3,50,5458,15,6,472,4054,552,627,0,0
H26865,6,105,4249,6,6,61,3530,335,3817,0,0
H26867,1,19,7545,12,7,188,4870,1902,92,0,0
H26868,8,83,5513,6,4,182,6093,1855,60,0,1
H26869,5,182,4448,0,0,82,6137,21,5819,0,1
H26870,0,17,6294,14,46,108,3383,311,436,0,1
H26872,3,147,6090,0,5,518,12031,507,82,0,1
H26875,121,208,5513,0,1,230,3194,25,6092,0,0
H26876,1,5,4023,0,1,89,1608,2615,9023,0,0
H26877,3,193,5629,0,105,273,6500,559,1757,0,1
H26878,76,87,5189,0,14,924,6995,262,565,0,0
H26880,11,18,8853,0,73,161,10236,366,9112,0,0
H26881,7,72,2716,0,4,3595,2974,276,634,0,0
H26884,3,319,2680,18,1,2150,3681,1200,12,7,2
H26885,3,484,7401,0,3,523,4617,64,53,0,1
H26886,14,6,7643,0,0,84,2329,634,864,0,0
H26887,33,160,4022,0,6,507,6288,4027,1503,0,1
H26888,3,148,9302,0,293,469,7435,126,109,0,1
H26890,1,15,6523,0,1,65,3924,670,222,0,0
H26891,10,776,15288,0,0,77,3288,221,193,0,1
H26893,11,3,8711,0,36,168,3175,2296,5833,0,0
H26894,2,6,6593,0,1,219,4100,334,35,0,0
H26895,10,34,3785,101,117,130,6102,2975,238,0,1
H26896,13,10,8847,0,3,486,6824,2536,2012,0,1
H26897,4,26,5592,1,7,566,3648,1498,527,0,0
H26898,4,4,6188,4,266,88,4504,230,857,0,0
H26901,4,286,5696,50,41,145,4042,2190,27,0,1
H26902,15,16,4124,1,0,472,4823,2544,507,0,0
H26903,1,12,6449,0,4,88,3823,493,342,0,1
H26905,0,8,4238,0,13,536,3112,236,1425,0,1
H26906,8,64,2680,0,18,396,6550,207,2177,0,2
H26907,2,4,5473,0,2,142,3181,539,193,0,1
H26908,5,52,4851,4,18,266,4805,917,113,0,0
H26909,2,20,9712,0,28,20,3087,1320,72,0,1
H26911,1,15,8576,0,51,84,2654,1020,222,0,1
H26912,2,13,2954,2,0,230,4979,10713,1603,0,1
H26913,2,40,6359,0,45,152,3228,1619,164,0,1
H26915,6,51,6651,0,0,442,3490,511,2516,0,0
H26916,2,43,3932,0,102,280,4792,687,471,0,2
H26917,5,13,5358,1,0,141,3370,3123,236,0,0
H26918,1,8,4896,4,49,144,2424,968,1785,0,0
H26919,0,6,7037,0,0,60,3493,838,37,0,0
H26920,1,48,6274,50,18,2094,5070,2364,325,0,1
H26921,1,31,8430,0,65,131,3343,1135,547,0,1
H26923,5,67,5669,0,194,531,2908,53,4742,0,0
H26925,2,71,3817,8,65,289,6868,1468,2251,0,1
H26926,0,19,5626,0,56,177,3516,235,944,0,0
H26928,3,70,8078,0,36,375,8211,1852,592,37,0
H26929,0,65,5375,0,8,411,3786,1893,1501,0,1
H26930,18,262,5614,0,0,115,5298,2,53,0,1
H26931,8,106,5504,0,9,895,5979,1140,140,0,1
H26932,2,73,14522,0,18,285,2090,2678,79,0,1
H26933,1,36,7299,5,15,498,5721,1756,338,0,1
H26934,2,23,7067,74,28,135,3986,54,185,0,1
H26935,2,35,5638,17,61,151,4603,412,1678,0,1
H26938,8,323,826,183,11,552,8507,1529,26,0,2
H26941,7,128,3716,0,284,280,4077,210,366,0,1
H26942,1,34,5085,0,0,36,3511,2446,146,0,2
H26943,1,157,2070,3,7,401,2876,1284,572,0,1
H26944,9,37,3348,0,5,2176,6010,554,64,0,0
H26945,7,137,9483,0,24,334,6556,1557,354,0,1
H26947,4,34,8834,0,13,64,5894,2473,1752,0,0
H26949,5,205,8175,0,2,514,6302,1355,525,0,0
H26950,2,102,4222,0,59,270,9831,290,114,0,0
H26951,1,455,2555,0,0,543,3440,370,1320,0,1
H26953,41,458,8476,0,7,570,3576,84,8839,0,0
H26955,2,140,8053,0,3,830,8003,1017,1285,0,1
H26956,5,8,7772,0,21,104,3617,3367,537,0,0
H26958,0,43,9737,25,5,124,5438,1095,25,0,1
H27050,2,1,16919,0,0,467,6520,1091,831,0,4
H27053,3,165,6193,0,61,1246,6626,964,293,1893,1
H27054,0,113,6498,0,0,1042,5530,329,417,0,0
H27071,5,360,12264,73,1,1552,15363,4895,834,0,0
H27072,0,126,4055,0,61,3698,10559,3024,7459,0,0
H27073,2,5,17322,13,5,51,9507,781,3282,0,4
H27074,20,224,10513,0,97,979,8704,1203,759,0,0
H27075,1,72,9867,204,104,797,6989,1558,357,0,1
H27076,42,265,7170,0,0,1103,11886,7372,5271,0,3
H27077,0,101,14793,103,178,836,8326,1970,4101,0,0
H27078,8,144,9217,29,172,602,6817,2336,7899,0,0
H27079,5,100,4396,0,3,611,23344,295,220,0,1
H27081,2,71,13496,251,164,205,3107,1562,1550,0,0
H27083,2,120,11539,97,21,490,12166,1755,701,0,0
H27084,30,2487,2289,2,931,1085,8629,4731,5430,0,1
H27085,12,117,9988,0,48,592,6868,105,2951,0,0
H27086,2,29,8401,1087,11,464,9408,63,883,0,1
H27087,6,141,10527,0,36,651,6075,3631,2077,0,0
H27090,7,438,2117,0,0,2738,9160,4754,346,0,1
H27091,10,227,7386,0,4,5416,13134,507,328,0,3
H27093,45,98,2861,4,27,3365,19665,5131,4226,0,0
H27094,1,1042,7997,0,1,1570,5601,100,6470,0,1
H27096,128,520,6265,0,0,3082,12197,5354,605,0,2
H27097,7,229,15749,0,33,173,5655,1695,447,0,1
H27098,0,108,11306,0,95,784,8199,148,686,0,0
H27099,1,92,19835,0,2,215,4007,7321,53,0,1
H27102,0,231,7287,18,186,769,9002,2,2663,0,0
H27103,21,17,10284,0,581,123,12687,72,1205,0,0
H27104,3,11,7676,0,6,2227,6989,2556,361,0,0
H27105,0,5,8642,0,189,122,4881,2807,2251,0,0
H27106,2,82,9906,0,115,175,4766,2199,6412,0,1
H27107,14,124,15279,0,434,462,13236,3125,978,0,0
H27108,5,16,6380,39,5,189,12141,3351,908,0,0
H27109,1,138,9174,0,28,413,11310,2764,2182,0,0
H27111,18,94,7838,0,179,2624,7970,5811,19483,0,0
H27112,7,428,6584,5,17,1213,8354,4147,408,0,0
H27113,0,22,7733,0,77,1145,6480,744,166,0,0
H27114,6,47,18075,0,42,246,8669,576,2234,0,0
H27116,5,57,11567,0,280,377,4458,7437,4010,0,0
H27117,8,625,4122,0,2,561,18102,367,1219,0,0
H27118,3,113,12454,40,13,166,5004,5620,181,0,0
H27120,6,254,8693,0,80,287,10593,4234,1199,0,0
H27121,1,108,10316,0,287,1276,5342,63,2726,0,1
H27122,0,263,10113,0,1,152,6380,2244,327,0,2
H27123,1,57,12587,0,25,2385,7300,1936,3468,0,0
H27124,0,33,12075,7,86,262,6087,790,1474,0,1
H27125,9,390,7904,3,227,1697,13648,669,187,0,0
H27126,55,229,3716,0,0,1980,12855,3359,7994,0,1
H27127,12,202,13239,0,199,477,7856,3959,5395,0,3
H27128,19,154,10357,0,53,2038,12867,3819,54,0,2
H27129,2,121,2477,0,0,783,20344,40,642,0,0
H27130,2,906,8884,0,18,238,6106,6,1228,0,1
H27131,20,198,4502,1,121,328,12186,3564,3691,0,0
H27133,0,74,9260,129,80,441,6475,429,5851,0,2
H27134,3,1,10011,0,4,301,7699,139,6027,0,1
H27135,2,127,5773,228,106,232,8982,1989,969,0,0
H27136,9,11,10960,0,0,371,6605,3443,1778,0,1
H27137,1,50,7113,0,210,265,6379,1722,315,0,0
H27138,2,40,11155,0,9,218,7435,5886,80,0,0
H27140,0,7,9378,4,51,676,6759,732,791,0,0
H27142,0,10,14443,0,325,533,8039,10,7611,0,1
H27143,2,166,12931,0,148,246,8498,438,404,0,0
H27144,16,59,10710,0,3,459,7583,4377,9226,0,0
H27145,3,80,6595,0,16,865,9178,128,172,0,0
H27147,12,466,16185,3,414,2175,9606,1144,24,0,2
H27148,2,178,12707,0,22,131,6503,5798,485,0,0
H27149,2,180,16566,2,25,752,9008,1222,4050,0,0
H27150,0,6,11339,0,12,574,7957,43,1376,0,0
H27151,9,83,12097,0,3,413,8827,3171,5664,0,1
H27155,2,133,14845,0,386,312,6629,161,3804,0,0
H27156,8,26,12809,0,764,444,1619,4846,245,0,0
H27158,1,6,18408,374,242,125,9645,1189,1469,0,0
H27161,1,121,18526,0,1,893,8737,1417,378,0,1
H27162,0,48,11896,0,0,354,7988,2799,392,0,0
H27163,3,175,10992,0,0,1116,9251,736,1656,0,0
H27164,0,30,14647,0,17,120,5337,510,1697,0,0
H27169,1,20,6886,1,154,93,2987,948,2920,0,0
H27171,7,144,13699,15,101,1711,4775,952,8360,0,0
H27172,1,81,12871,14,161,357,6064,666,1669,0,0
H27174,6,286,10820,76,27,246,11476,483,277,0,1
H27175,4,2091,6574,0,202,3576,13749,601,1181,0,3
H27176,1,281,16540,0,63,389,5712,582,1953,0,0
H27177,4,493,4678,134,0,1362,5172,1097,3983,0,1
H27179,6,82,7837,9,16,2028,11919,1201,2091,0,0
H27180,3,93,9690,0,33,2763,7134,653,84,0,0
H27182,164,419,6851,861,106,2343,5968,251,13879,0,1
H27183,11,229,9404,1,0,3035,10331,1,15562,0,2
H27184,57,903,6918,51,2,1713,12590,149,701,0,2
H27186,8,27,1473,0,0,1286,13830,141,8267,0,1
H27187,9,115,9803,0,0,95,9765,3961,4440,0,1
H27188,6,111,6908,0,4,1150,4658,3983,2536,0,2
H27189,10,150,2661,0,39,674,9174,7254,143,0,1
H27190,17,107,4309,3,3435,147,11563,6663,139,0,1
H27191,3,264,8633,0,34,162,10596,422,1269,0,0
H27192,45,3378,1579,0,5,2682,10744,9635,74,0,0
H27193,3,1,16024,0,0,138,4460,1680,5272,0,2
H27194,1,103,15088,0,8,279,11048,672,2420,0,1
H27195,19,405,14938,0,195,4240,11092,221,99,0,1
H27196,24,553,5635,0,168,2238,10098,7113,944,0,1
H27197,10,156,7231,32,13,2599,8211,1357,405,0,2
H27198,4,45,7637,35,3,832,10891,1589,796,31,0
H27199,5,55,12268,2822,50,266,9047,66,474,0,1
H27200,8,185,14507,2,57,211,7888,470,2715,0,1
H27201,13,953,14437,1,0,1407,7926,6117,5727,0,1
H27204,52,1348,5958,14,104,344,11549,366,28,0,3
H27206,5,203,8224,0,25,84,4447,8066,6852,0,1
H27207,2,113,9022,0,29,942,8505,1410,293,0,1
H27208,11,50,10820,0,0,58,2043,98,13004,0,1
H27209,20,64,4905,10,44,2004,10356,104,47,0,0
H27210,8,207,7083,17,15,2126,9767,92,4218,0,0
H27211,3,228,8176,75,0,745,8921,780,13795,0,1
H27212,1,55,15150,0,0,191,4164,3808,202,0,1
H27213,0,54,10267,33,429,173,6986,229,141,0,1
H27214,0,16,7962,101,47,312,6964,616,1464,0,1
H27215,0,57,4495,0,0,421,16041,2461,818,0,1
H27216,3,132,15812,0,0,396,8107,3109,3982,0,0
H27217,1,30,14396,0,821,71,4696,1275,660,0,0
H27218,4,89,8202,0,194,640,6442,1213,5378,0,0
H27220,4,23,9843,0,47,512,8749,1126,552,0,0
H27221,5,86,8437,0,112,529,6478,2199,462,0,0
H27223,7,184,10890,24,45,304,6888,2157,1246,0,1
H27224,6,19,10396,0,11,340,13313,1780,4954,0,1
H27226,7,38,18779,0,3,356,4198,2949,1127,0,2
H27227,3,57,13902,0,7,364,5134,6618,2777,0,1
H27228,77,1365,4243,0,0,1543,9829,5394,506,0,1
H27229,16,594,6146,2,281,1374,10498,46,5517,0,1
H27230,8,211,16152,0,1,712,3121,7392,2004,0,1
H27232,5,67,16948,0,112,680,6581,1168,1243,0,2
H27233,1,329,13049,0,20,144,8060,2914,2004,0,0
H27235,12,750,5161,17,31,2658,7966,5207,15515,0,1
H27236,0,127,2408,5,65,381,16289,211,2040,0,1
H27238,10,141,2872,6,17,1158,5891,7372,13601,0,1
H27239,11,280,7812,1,254,1105,11116,1380,3182,0,1
H27242,3,54,7364,0,11,41,3140,1461,4355,0,0
H27244,16,103,6285,25,31,1091,8872,607,74,0,0
H27245,1,13,6330,17,65,94,6127,827,982,0,1
H27246,13,110,7216,0,2928,576,6261,834,4240,0,0
H27247,17,994,10851,0,0,826,9335,2839,8715,0,1
H27250,4,194,11965,0,231,895,8228,956,8306,0,0
H27251,12,598,7190,0,2,1050,16194,2750,251,0,2
H27252,9,65,4320,0,0,1682,10893,1299,4722,0,0
H27254,20,29,10806,0,12,460,8438,9957,472,0,0
H27255,6,58,9560,0,0,1155,6019,4157,5992,0,0
H27258,14,751,5741,0,3,323,15872,5636,4168,0,0
H27259,1,19,11368,35,38,470,7476,3947,13449,0,1
H27263,9,156,10733,6,41,577,12201,1843,264,0,0
H27264,2,110,13008,3,0,472,11237,257,408,0,0
H27265,2,109,20799,256,7,496,14847,1709,2017,0,1
H27266,17,210,4391,0,9,1708,11002,1710,9518,0,0
H27267,0,77,10613,70,81,577,11906,883,2358,0,1
H27269,1,44,15505,0,75,212,7877,1124,1378,0,1
H27271,1,32,12702,7,24,367,7374,2765,3546,0,1
H27272,0,21,7579,0,6,167,16466,98,3464,0,1
H27273,2,49,10600,81,84,440,12090,5380,513,0,0
H27274,1,807,11275,0,12,272,11408,707,1469,0,2
H27275,6,73,14327,24,26,709,8521,632,394,0,1
H27276,2,17,11648,0,160,1291,8449,2030,640,0,0
H27277,1,19,9648,0,0,444,10932,1685,2039,0,0
H27278,8,118,11604,90,23,747,8258,1693,577,0,0
H27279,7,293,1560,0,7,162,19476,5735,3155,0,0
H27280,1,143,12735,67,24,1474,11540,1824,671,0,1
H27282,30,180,8476,0,63,2051,12639,2251,5179,0,0
H27283,2,102,4282,27,5,764,15228,6715,90,0,1
H27284,12,567,1133,26,83,3643,12725,2013,2015,0,2
H27285,1,53,3869,5,24,724,11492,5233,61,0,1
H27286,64,304,2239,133,39,3477,10946,286,9626,0,0
H27288,4,105,2247,0,0,905,13294,1494,123,0,0
H27289,7,523,7901,13,0,1178,16448,3901,54,0,0
H27290,3,135,6079,0,0,1523,9705,2172,12645,0,0
H27291,8,185,12226,0,0,2157,6247,2342,14992,0,1
H27293,4,471,9416,0,716,786,14574,3540,308,0,1
H27294,1,88,13514,7,22,151,8349,1167,7979,0,1
H27295,1,1016,10150,0,29,970,12518,6923,503,0,0
H27296,1,184,11321,15,386,1776,8371,1338,4954,0,1
H27298,0,347,11874,26,72,1773,9582,4733,382,0,0
H27299,8,86,6743,0,13,5123,10423,172,100,0,0
H27302,4,0,13042,0,21,137,2741,920,998,0,0
H27303,7,52,11020,0,14,158,11933,3356,1749,0,2
H27304,1,10,11735,0,0,365,6902,3734,2324,0,1
H27305,3,154,18579,57,13,439,14241,439,105,0,1
H27306,2,163,3127,0,0,354,13990,51,3587,0,1
H27307,1,158,16717,0,41,180,9881,3326,249,0,1
H27308,1,77,11211,35,10,1500,8118,3023,889,0,0
H27310,4,221,6025,0,52,850,12980,454,2574,0,0
H27312,7,48,4789,0,0,33,7437,11059,48,0,0
H27314,6,175,9269,0,63,1444,7633,612,7815,0,1
H27316,0,15,970,1,31,433,10675,4288,14844,0,0
H27317,10,67,17011,0,7,196,6270,89,43,0,0
H27318,3,297,10497,0,31,547,7395,11958,90,0,0
H27319,1,9,7798,0,3,252,7667,520,2746,0,0
H27320,1,90,2798,0,0,1745,18473,715,228,0,0
H27321,2,12,8213,0,0,2839,10043,2056,84,0,1
H27322,5,51,6571,98,86,241,12620,406,103,0,3
H27324,7,56,5208,20,7,477,10789,2128,405,0,0
H27325,0,61,7741,75,0,814,9641,391,889,0,1
H27327,0,8,7201,3,0,101,3068,104,39,0,1
H27328,21,1405,2572,0,355,337,7227,5149,7548,0,1
H27329,6,10,9322,0,0,332,10660,5321,1030,0,1
H27330,2,367,5330,8,21,1214,8807,3561,332,0,0
H27332,2,414,4638,0,11,1334,4600,10908,126,0,0
H27336,4,44,7663,2,103,600,18431,4102,127,0,0
H27337,0,32,16004,0,15,173,14125,563,1514,0,1
H27339,44,21,8887,0,0,996,12618,4141,1585,0,1
H27340,20,406,10113,4,194,829,8050,779,938,0,1
H27342,1,68,11688,334,2,139,4563,2134,1219,0,1
H27343,18,342,2035,0,5,2372,17872,35,4700,0,1
H27369,4,187,11200,3,102,2952,11883,790,867,16,0
H27370,14,460,3616,73,35,1256,16738,4536,2339,0,0
H27371,4,790,12259,0,12,3701,16859,4644,1640,0,0
H27372,2,1217,9263,0,259,1133,14360,1080,6979,0,0
H27373,12,535,2993,0,1,1770,20304,8470,2579,0,0
H27375,5,816,15429,0,4,195,15150,554,4564,0,0
H27376,1,71,17129,15,2,199,7665,1196,4203,0,0
H27378,2,68,8416,1,0,555,14922,3095,161,0,0
H27380,1,213,4655,3,39,373,11816,2708,3022,0,2
H27381,19,283,12675,0,9,512,12429,235,499,0,1
H27382,3,616,4096,0,3,137,4105,711,11750,0,1
H27383,4,245,8136,0,0,56,13454,74,76,0,0
H27384,9,384,6862,195,41,2332,9268,4759,1063,111,0
H27385,0,57,14845,25,3,82,8830,1623,1214,0,0
H27386,11,95,4036,0,36,696,13550,10623,1259,0,0
H27388,4,1024,5575,0,31,1600,12283,30,6038,0,0
H27390,2,169,9195,0,293,5283,9874,290,161,0,0
H27391,0,130,8815,0,3,1328,8579,7126,447,0,0
H27394,29,861,5439,0,5,2001,12885,2807,219,0,0
H27395,8,90,9606,17,310,2435,14092,4764,2629,0,0
H27396,5,229,4821,28,0,656,15620,284,80,0,1
H27398,11,106,15040,0,9,1001,9133,380,755,0,0
H27399,0,172,10704,0,13,1339,11815,373,43,0,0
H27401,6,169,3421,21,11,1133,18476,412,157,0,0
H27402,74,1846,6775,1,67,717,18377,8790,3126,0,0
H27405,2,180,16561,0,0,328,9302,118,7857,0,0
H27408,25,22,5751,0,1,808,9929,3103,335,0,0
H27411,14,198,12519,1,47,904,13974,366,2442,0,0
H27413,6,99,3620,13,28,261,17465,1263,567,0,0
H27414,4,69,7716,3,52,1289,11511,63,378,0,0
H27419,25,1209,14394,0,42,1170,10228,214,10642,0,4
H27420,6,112,1845,0,21,283,7189,11820,79,0,0
H27421,3,52,12350,78,159,503,8128,2167,129,0,0
H27423,5,45,15316,0,42,311,10331,1182,138,0,0
H27424,7,316,7436,25,64,2352,15015,1586,351,0,1
H27425,95,2303,7311,0,19,408,15332,89,10460,0,3
H27427,8,233,18477,0,28,941,6932,1379,7197,0,2
H27428,3,109,9832,0,3,615,4643,10692,39,0,3
H27429,1,495,6539,256,0,144,11354,9754,3769,0,0
H27430,9,450,9729,14,0,2238,10192,285,12318,0,4
H27431,41,160,5062,5,0,1707,12594,4200,5114,0,4
H27432,0,144,11749,0,370,1648,10568,1424,2380,0,1
H27436,4,126,5163,0,102,1242,11674,4186,118,0,0
H27437,1,100,12386,0,24,172,9429,2529,1031,0,0
H27438,122,881,393,0,0,7631,2583,309,5704,0,0
H27439,1,28,11127,0,53,158,10331,1043,1468,0,1
H27888,26,20,6855,0,1,802,4938,6212,671,0,1
H27890,14,108,5360,0,1,674,3832,3557,2684,0,0
H27892,33,43,12010,30,0,703,5915,1389,757,0,1
H27893,0,2,2049,0,1,83,4955,1643,20,0,1
H27894,6,138,978,0,1,245,7322,645,32,0,1
H27898,0,91,8510,66,8,629,7370,136,113,0,0
H27899,1,136,11807,0,7,532,5982,3362,101,0,0
H27901,8,121,505,0,0,5109,5052,319,8421,0,1
H27902,3,39,2840,46,9,787,5489,4167,156,0,1
H27904,2,534,7302,0,3,1469,4488,2317,5784,0,2
H27905,3,19,3411,0,0,279,3132,1408,90,0,1
H27907,5,78,8884,11,4,995,11967,496,308,0,1
H27908,16,87,5117,9,14,2202,12549,5557,205,0,0
H27909,34,267,9920,67,64,744,10223,503,700,4,0
H27910,45,63,10426,8,0,705,9024,3510,10347,0,1
H27913,14,897,10925,0,28,445,9089,8139,570,0,0
H27914,0,6,2263,0,11,39,3181,685,1677,0,0
H27915,3,77,10179,0,23,145,5626,225,27,0,0
H27918,0,15,6507,200,17,260,6211,555,822,0,1
H27922,0,20,2880,19,0,57,4166,34,31,0,1
H27923,11,47,7110,0,32,361,7833,1984,444,0,1
H27925,6,731,7107,7,156,743,7333,2241,630,0,1
H27928,15,503,4415,16,18,656,4872,42,722,0,1
H27929,2,65,4057,0,2,365,4346,563,1974,0,0
H27930,4,204,4509,0,25,1871,8486,1126,8286,0,1
H27931,3,24,9657,0,66,1242,5054,1441,8420,0,0
H27933,12,13,293,0,0,1949,5357,1364,5254,0,2
H27934,5,590,9009,0,1,1933,9539,1699,4944,0,1
H27935,24,1024,2797,0,172,1544,4986,739,2915,0,1
H27938,1,301,2908,0,2,250,7264,434,102,0,1
H27939,0,275,8283,0,0,505,11462,487,1721,0,2
H27940,0,43,13705,0,156,68,4515,678,798,0,1
H27942,10,399,5277,0,0,1029,4566,499,4988,0,1
H27947,1,101,12636,0,7,440,10854,481,581,0,0
H27948,18,120,19246,0,0,1362,5184,1357,7388,0,1
H27949,2,18,11900,0,140,246,6757,728,4944,0,0
H27955,43,592,1422,22,0,583,17814,8460,69,0,1
H27956,2,124,4997,169,19,359,6942,1227,1877,0,1
H27957,2,305,6626,15,10,664,11993,444,1984,0,0
H27958,2,317,6113,8,85,899,11297,3496,889,0,0
H27959,6,59,11034,0,29,90,5070,279,848,0,1
H27960,7,54,2340,0,1,167,4214,1135,592,0,1
H27961,0,49,8662,0,2,66,2563,204,469,0,0
H27964,2,420,7657,0,2,83,8545,405,78,0,1
H27966,20,1073,5621,0,2,1413,13875,7507,25,0,1
H27967,0,31,10607,0,23,246,2821,0,334,0,1
H27968,2,59,1740,0,14,360,4696,4351,432,0,0
H27969,7,96,6980,90,5,689,6329,104,92,0,1
H27970,2,41,5541,64,8,149,4451,232,63,0,2
H27971,0,324,9159,23,21,273,3434,853,2886,0,1
H27972,7,103,9311,155,16,455,9117,53,1444,0,1
H27973,4,758,2986,0,2,1466,5786,2460,82,0,2
H27978,5,69,15218,39,17,1725,12178,1419,1650,0,1
H27980,0,130,4412,0,11,1288,11333,2072,436,0,0
H27981,0,45,12361,0,79,51,1616,6718,142,0,1
H27984,1,99,7860,44,4,385,6224,230,340,0,0
H27985,5,157,9136,0,18,1447,5233,372,123,0,2
H27986,7,247,16459,0,6,691,5457,3899,478,0,0
H27987,0,86,8850,0,0,879,12769,3536,3468,0,1
H27988,4,36,9508,0,10,351,4032,100,1040,0,0
H27989,2,734,12061,0,278,3052,7725,254,192,0,0
H27991,1,57,2600,4,0,291,8305,1720,102,0,0
H27993,0,229,9843,37,21,1091,16986,940,1362,0,0
H27994,0,214,9166,0,177,4393,6316,3423,9323,0,1
H27996,2,35,13273,1,32,44,3215,1457,2922,0,1
H27997,11,502,12879,0,120,860,11041,135,1520,0,1
H27999,37,1117,11453,0,14,732,26808,819,780,0,0
H28000,1,71,14342,6,6,460,8827,678,124,0,0
H28001,12,379,12702,0,0,917,12214,591,2293,0,0
H28002,1,62,11536,15,12,286,10943,2622,1643,0,1
H28003,2,1237,3139,9,0,2461,16334,141,304,0,1
H28004,0,32,9115,14,19,1117,9576,350,243,0,1
H28005,0,108,5553,182,7,1333,10586,632,540,0,1
H28006,0,184,11291,18,4,221,6347,698,19,0,1
H28007,26,94,904,0,0,468,13656,80,39,0,0
H28008,0,109,20170,0,0,202,9196,110,25,0,0
H28009,55,878,5506,0,13,2345,20583,1398,521,0,1
H28010,11,1107,5389,0,4,2677,17453,524,199,0,1
H28011,106,0,16722,0,0,3162,2503,78,13685,0,0
H28012,4,82,15333,29,18,5432,9511,2089,447,0,1
H28013,13,844,12109,0,5,380,16909,5707,1089,0,1
H28014,4,745,9782,0,21,716,10341,277,134,0,1
H28016,24,1240,4811,139,0,795,15730,749,3009,0,0
H28017,2,38,16202,0,8,160,17309,245,1595,0,0
H28018,48,334,12600,26,5,725,21196,147,78,0,1
H28019,4,415,11216,0,0,868,17661,171,101,0,2
H28020,2,50,10653,140,230,503,8309,1999,13109,0,0
H28021,23,226,13278,0,0,403,15972,7906,1780,0,1
H28023,23,282,4354,0,2,231,7187,1781,13588,0,1
H28027,1,134,9559,0,0,2226,21122,5996,1079,0,1
H28028,17,192,11697,0,7,526,8901,163,12719,0,1
H28029,0,3544,1132,0,0,767,16740,16292,3959,0,1
H28032,1,25,8336,0,6,228,11070,1208,237,0,0
H28033,13,38,15772,108,12,1325,25642,2892,2569,0,0
H28036,1,45,19043,686,23,532,14550,3510,2148,0,1
H28037,4,19,8620,0,0,958,10264,13241,5193,0,1
H28038,0,17,9633,1,0,386,4159,222,12430,0,1
H28039,4,114,11223,37,2,155,14748,1077,622,0,1
H28040,11,561,5888,0,0,177,7999,15675,5202,0,1
H28041,13,53,5960,0,0,708,3102,1622,15973,0,1
H28043,0,848,16083,0,0,949,16818,488,139,0,0
H28044,3,140,7397,0,0,173,11760,2118,116,0,4
H28046,75,3138,3303,0,8,1895,10701,96,90,0,3
H28047,14,697,1185,0,49,294,8499,4759,2207,0,1
H28050,14,208,2256,54,2,1996,19603,1194,3859,0,0
H28996,4,268,7817,0,28,2187,5748,2660,159,0,1
H28997,12,449,3389,19,14,1411,17943,21,302,0,1
H28998,43,773,6529,27,2,3497,12712,7723,72,0,0
H28999,164,1028,2695,5,36,1023,12723,1598,1307,0,0
H29000,16,275,21200,9,270,142,11368,4151,381,0,1
H29001,51,1125,15674,0,47,925,17429,181,167,0,1
H29002,7,2543,19889,33,312,1062,12848,4290,888,0,0
H29009,51,2288,6790,0,101,487,10374,2032,406,0,0
H29010,2,253,10256,0,0,748,5124,1523,161,0,0
H29011,3,408,6990,65,68,299,11437,1503,1686,0,1
H29012,11,788,10493,23,81,889,10230,149,865,0,1
H29013,7,1671,10466,32,130,3057,27211,37,22,0,1
H29044,131,777,6236,0,15,1162,16654,694,903,0,4
H29075,4,21,5170,0,124,34,2134,1170,505,0,0
H29076,11,1297,3545,8,141,606,4302,4224,4864,0,1
H30892,15,44,5051,0,0,131,6912,43,4957,0,1
H30893,0,50,4552,0,29,496,6162,369,213,0,3
H30894,0,123,4694,0,12,518,11032,6799,7733,0,1
H30899,49,1289,3613,16,4,2136,8626,57,9403,0,1
H30909,10,431,1397,0,5,529,5431,588,5479,0,1
H30911,1,92,14065,211,0,132,4105,8,202,0,1
H30916,11,1016,9211,0,11,1121,6123,14,3659,5377,0
H30917,8,447,8961,0,1,646,4531,1634,2120,0,0
H30922,7,641,16807,0,3,1465,18542,296,979,0,1
H30923,7,1186,6321,10,14,3731,16482,427,2208,0,1
H30924,1,235,10059,0,0,1074,9872,768,3433,0,0
H30929,34,2267,2898,0,0,3510,13184,39,9,0,1
H30931,36,231,2476,9,24,14359,7848,133,264,0,0
H30932,16,161,5941,6,0,2661,11621,90,3564,0,0
H30935,18,128,5589,0,0,2051,10285,542,118,0,1
H30937,31,1100,7225,17,9,2474,9514,123,10996,0,0
H30938,64,767,5072,0,6,3321,19292,591,305,0,1
H30939,49,1208,6502,0,0,5591,7295,272,6350,0,0
H30940,213,2935,1221,49,4,1857,13440,264,847,0,1
H30941,117,1683,261,11,70,1294,9699,3604,13208,0,1
H30945,5,348,6585,0,0,2126,16767,210,1406,0,0
H30946,22,1230,3883,140,9,2860,14336,52,141,0,1
H30949,386,1869,2485,4,3,2502,15016,85,92,0,0
H30950,61,1124,1160,90,3,2317,16504,24,1890,0,0
H30957,24,283,1096,43,191,879,17092,183,1233,0,0
H30958,9,144,4442,53,0,4409,15826,567,138,0,2
H30960,7,101,5983,0,12,781,5650,1666,2050,0,0
H30963,109,923,2673,0,16,8570,9237,125,509,0,0
H30964,5,175,17881,0,4,508,8484,339,9928,1,1
H30966,0,120,6142,13,6,312,8615,8115,1279,0,0
H30968,31,494,10224,0,99,315,4689,842,4449,0,0
H30971,12,1243,3492,0,3,1195,15914,665,204,0,1
H30973,11,488,5085,0,15,2176,10982,124,87,815,0
H30980,8,245,7407,6,35,947,4807,366,744,0,0
H30981,9,1131,5787,60,21,284,11587,4867,98,0,1
H30987,4,308,9543,0,19,287,6496,1476,104,0,1
H30990,8,77,6238,0,41,770,5493,98,3819,0,1
H30991,7,204,10876,0,23,386,9093,418,3298,0,1
H30992,2,19,14783,0,8,116,7648,2609,940,0,1
H30994,9,21,11750,0,74,348,5960,301,4121,0,1
H30996,24,828,2279,3,65,351,11840,410,1558,0,1
H30999,8,270,12561,4,13,245,9314,2220,9798,0,1
H31000,12,252,16517,108,13,1263,12480,923,713,0,1
H31002,2,167,9925,10,103,382,8119,283,1327,0,0
H31011,10,196,9422,0,19,298,5975,1053,17822,0,1
H31012,6,195,12292,1,8,360,5712,121,124,0,1
H31014,15,1204,19587,120,26,2801,14025,28,349,0,1
H31015,33,1509,8061,47,9,1737,7896,2045,1336,0,3
H31016,46,197,23407,14,180,1430,13709,3588,128,0,1
H31017,58,679,10070,0,11,399,8002,1524,4402,0,0
H31018,4,202,14392,215,60,441,6563,351,275,0,0
H31020,18,688,9838,0,203,782,5914,598,221,0,0
H31023,35,575,20362,89,31,691,8986,160,173,0,1
H31024,34,1186,20705,0,32,463,8590,2285,403,0,0
H31031,10,345,8241,0,0,239,5785,1076,1316,0,0
H31032,8,53,15611,0,0,537,5623,383,10319,0,1
H31033,11,189,16413,23,46,682,4816,2571,618,0,0
H31036,61,1168,11000,0,79,919,14535,220,84,0,1
H31038,19,248,13340,160,20,418,7739,7715,1097,0,0
H31039,2,285,14563,35,36,109,9830,515,391,0,1
H31043,26,555,10833,0,0,1218,4920,1429,17856,0,0
H31044,16,216,15869,0,0,717,7946,1200,2051,0,1
H31046,9,34,10647,0,0,82,8962,516,1533,0,1
H31048,8,95,10033,213,6,478,7855,265,278,0,1
H31050,35,719,14656,0,53,629,9943,173,186,0,0
H31060,63,545,10931,0,0,1071,7857,3501,1561,0,1
H31074,11,442,4283,0,44,639,15121,99,3571,0,1
H31077,0,82,7829,0,4,328,4640,775,704,0,4
H31079,0,134,8373,0,6,356,4933,580,621,0,0
H31082,5,216,5183,52,97,1247,6345,408,1098,0,3
H31083,0,792,7182,0,0,1006,7997,753,343,0,0
H31085,3,238,5428,0,29,655,7837,1879,2378,0,0
H31087,38,753,6430,39,29,966,6989,1156,8431,0,0
H31090,3,666,12653,0,105,5247,6599,345,607,0,2
H31091,2,215,7100,50,57,154,5585,989,1173,0,0
H31093,0,135,6471,19,75,528,5849,217,1584,0,0
H31094,15,112,8271,0,41,263,9784,2391,3170,0,1
H31095,0,15,10685,0,49,255,4285,1873,1646,0,1
H31098,0,0,9,0,0,1,3,0,5,0,1
H31102,46,1000,4873,0,0,3179,6141,2844,2447,0,1
H31105,1,1128,6898,0,0,562,8629,8336,952,0,0
H31107,3,57,11350,20,83,190,5481,90,2720,0,1
H31109,1577,591,10149,0,97,1805,9075,17,1315,0,2
H31110,5,226,12346,58,0,852,11238,169,30,0,1
H31115,25,351,3920,79,4,1100,11350,7954,3937,0,1
H31116,4,302,12494,19,8,1488,10046,259,149,0,1
H31118,2,47,11040,35,81,122,9065,1712,1693,0,1
H31120,2,163,13761,0,484,794,6018,352,2838,0,0
H31123,11,468,11563,4,0,675,7891,328,1315,0,1
H31125,19,361,8515,0,102,2170,8202,132,5211,0,1
H31126,0,33,12138,821,1,268,4695,2399,1602,0,0
H31130,15,200,13830,19,15,149,7489,142,10544,0,1
H31135,3,1540,11253,0,29,325,14536,619,453,0,1
H31136,16,830,9861,6,27,3052,11649,982,591,0,1
H31149,14,578,7294,0,0,2547,10272,98,540,0,0
H31150,7,586,10549,0,0,362,8102,209,288,0,0
H31162,6,685,4692,0,172,975,10983,923,16703,0,3
H32726,24,325,10197,0,10,5211,6162,1299,15773,0,1
H32727,16,410,4899,0,0,8381,7646,3129,92,0,3
H32730,9,401,5275,37,2,1345,5562,411,13964,0,1
H32742,29,536,4730,0,58,617,7405,5499,3926,0,1
H32746,56,593,10541,0,16,1351,5574,594,13333,0,1
H32748,6,246,12433,28,53,212,6339,1354,2214,0,1
H32753,13,1224,5390,0,48,2563,9279,3540,2627,0,2
H32761,10,1905,5524,0,20,4052,10569,185,9339,0,4
H32766,764,889,8141,65,12,863,6755,732,14380,0,1
H32770,9,56,3827,0,12,912,4780,602,6132,0,1
H32772,3,493,11985,0,228,579,7169,1461,1142,0,0
H32773,27,687,6030,0,60,1053,4334,3238,3056,0,2
H32774,14,635,3037,0,1,5492,11095,1086,288,0,1
H32775,25,637,11937,0,0,652,9216,2681,202,0,0
H32776,50,92,11067,0,13,515,9155,2633,353,0,3
H32777,16,1218,3814,7,0,702,7859,1754,35,0,1
H32780,7,314,7165,2,14,1012,10318,2731,1396,0,0
H32781,0,250,15200,0,2,692,7024,209,2793,0,1
H32784,1,193,6757,8,92,568,7618,1504,2176,0,0
H32787,20,544,8070,8,0,579,8325,658,4697,0,0
H32788,8,219,16760,0,49,1163,7677,2808,1981,0,0
H32791,10,502,10040,0,166,242,8412,488,2202,0,1
H32792,0,125,10732,26,111,153,5074,113,679,0,1
H32794,17,816,8674,0,1178,2811,11472,6039,965,0,1
H32795,16,307,15786,0,5,262,7319,3549,3284,1,1
H32796,28,328,11194,18,167,489,8982,1058,1770,0,1
H32798,20,83,15821,0,0,697,2025,31,1417,0,1
H32800,6,327,7356,5,26,463,5739,234,898,0,1
H32802,30,424,11095,0,14,823,4831,3593,264,0,1
H32805,1,61,9275,1,8,75,3930,1634,90,0,1
H32808,31,145,6973,0,0,2218,11301,1949,1699,0,1
H32809,13,202,5710,1,23,1702,6798,1104,13669,0,4
H32810,46,1213,5805,0,4,1591,7670,1717,145,0,0
H32811,6,316,3174,16,3,3264,8210,489,129,0,1
H32812,21,209,7522,0,76,863,7867,897,1839,0,0
H32815,8,125,13804,0,5,324,6316,802,181,0,0
H32817,0,23,9886,0,3,109,4332,2378,124,0,0
H32821,1,72,15658,26,57,695,5605,441,39,0,0
H32824,27,1098,1013,0,78,4471,7500,6,899,0,0
H32826,20,840,711,0,0,3138,6149,21,40,0,0
H32911,19,1968,7353,477,8,7591,10960,433,693,0,0
H32915,34,3290,9667,0,10,2619,10681,562,14053,0,0
H32924,1,689,10020,0,9,911,6718,897,377,0,1
H34086,13,405,10400,0,73,2095,5585,830,1106,0,1
H34087,160,748,1764,0,8,5159,9530,3550,655,0,1
H34095,16,1034,7956,0,0,2343,10751,95,248,0,0
H34096,32,608,7666,0,5,2744,7158,450,7396,0,2
H34099,148,818,4340,5,3,509,6584,637,4973,0,1
H34106,11,451,8058,10,260,389,5042,55,6215,0,2
H34111,4,365,2515,18,3,1102,9650,1877,1769,0,0
H34112,17,180,7711,0,0,1902,7754,3871,1581,0,3
H34113,68,373,5666,128,2,1735,12533,387,305,0,3
H34119,15,390,3194,99,1,3296,7524,4712,267,0,0
H34125,29,855,3046,0,14,2033,11949,375,1700,0,1
H34140,10,866,3825,0,68,1494,6572,22,9553,0,1
H34143,2,120,7979,3,9,915,9428,175,4691,0,0
H34151,58,888,1906,0,9,3661,15208,35,722,0,2
H34153,30,185,11490,0,11,2092,6959,114,1749,0,1
H34155,8,198,3507,29,16,441,6410,539,825,0,1
H34165,10,188,3481,211,41,1933,3196,1952,6073,0,1
H34166,7,2387,8327,0,1,277,7513,3176,118,0,0
